movie,followers,posts
棉花糖和云朵妈妈,35,17
长安三万里,271,116
超级飞侠：乐迪加速,,
茶啊二中,7431,1880
欢乐丛林,,
萌鼠大冒险,,
百变马丁：怪兽大作战,,
超级英雄美猴王：齐天儿,,
飞向月球,43,39
雪域少年,,
王牌二哈,,
龙珠寻游记,,
嗨！神兽,,
贝肯熊：火星任务,,
功夫王,108,315
迷你特工队,1149,269
蚂蚁传奇,9,19
四季童年,,
舒克贝塔·五角飞碟,,
天降大任,11,29
大雨,287,90
江豚·风时舞,,
熊出没,91362,26488
雄狮少年,712,737
盒中之海,11,6
新大头儿子和小头爸爸,2555,617
守龙者,9,8
阿狸,446367,28738
白蛇：浮生,,
喜羊羊与灰太狼,161211,195065
落凡尘,145,386
伞少女,32,11
头脑特工队,9933,554
一,,
休,107,101
心源,11,15
小诗人,12,21
龙门,14175,5167
出口,31815,23292
加菲猫家族,,
猪猪侠大电影·星际行动,,
趣说经典,,
开心超人,72562,82483
聊斋：兰若寺,,
时间之子,85,25
恶兽,7,3
哪吒,11825,2043
罗小黑战记,91589,14585
非人哉：限时玩家,,
浪浪山小妖怪,85,47
