动漫名称,动漫ID,动漫标题,动漫URL,有无漫画/小说
浪浪山小妖怪,未找到,无,无,0
棉花糖和云朵妈妈1宝贝“芯”计划,未找到,无,无,0
长安三万里,未找到,无,无,0
超级飞侠：乐迪加速,未找到,无,无,0
茶啊二中,未找到,无,无,0
欢乐丛林之外星人大冒险,未找到,无,无,0
萌鼠大冒险,未找到,无,无,0
百变马丁：怪兽大作战,未找到,无,无,0
超级英雄美猴王：齐天儿,未找到,无,无,0
飞向月球,未找到,无,无,0
雪域少年,未找到,无,无,0
王牌二哈,未找到,无,无,0
龙珠寻游记,未找到,无,无,0
嗨！神兽,未找到,无,无,0
贝肯熊：火星任务,未找到,无,无,0
功夫王之萌虎上山,未找到,无,无,0
迷你特工队之汉堡大作战,未找到,无,无,0
蚂蚁传奇之终极一战,未找到,无,无,0
四季童年,未找到,无,无,0
蚂蚁传奇之神木奇缘,未找到,无,无,0
舒克贝塔·五角飞碟,未找到,无,无,0
天降大任,未找到,无,无,0
大雨,未找到,无,无,0
江豚·风时舞,未找到,无,无,0
熊出没之逆转时空,未找到,无,无,0
雄狮少年2,未找到,无,无,0
盒中之海,未找到,无,无,0
新大头儿子和小头爸爸6：迷你大冒险,未找到,无,无,0
守龙者,未找到,无,无,0
阿狸,未找到,无,无,0
白蛇：浮生,未找到,无,无,0
喜羊羊与灰太狼之守护,未找到,无,无,0
落凡尘,未找到,无,无,0
伞少女,未找到,无,无,0
头脑特工队2,未找到,无,无,0
一,未找到,无,无,0
休,未找到,无,无,0
心源,未找到,无,无,0
小诗人,未找到,无,无,0
龙门,未找到,无,无,0
出口,未找到,无,无,0
加菲猫家族,未找到,无,无,0
猪猪侠大电影·星际行动,未找到,无,无,0
开心超人之时空营救,未找到,无,无,0
大雨,未找到,无,无,0
趣说经典之论语学堂,未找到,无,无,0
开心超人之逆世营救,未找到,无,无,0
聊斋：兰若寺,未找到,无,无,0
时间之子,未找到,无,无,0
恶兽,未找到,无,无,0
哪吒之魔童闹海,未找到,无,无,0
熊出没·重启未来,未找到,无,无,0
