series_name,seasons_list
FLUFFY LAND,"[('FLUFFY LAND 动态漫', 48526), ('FLUFFY LAND 动态漫 英语版', 48527)]"
U探泰拉,"[('U探泰拉 中配版', 97321), ('U探泰拉', 95562)]"
一世之尊,"[('一世之尊', 43345)]"
一千零一夜,"[('一千零一夜之拯救黄金城', 72543)]"
七侯笔录,"[('七侯笔录', 43548)]"
万剑王座,"[('万剑王座', 106703)]"
万古第一神,"[('万古第一神', 47303)]"
万渣朝凰,"[('万渣朝凰 第四季', 48288), ('万渣朝凰 第三季', 48287), ('万渣朝凰 第二季', 48286), ('万渣朝凰 第一季', 48285)]"
三个和尚,"[('三个和尚', 47499)]"
三十六计奇遇记,"[('三十六计奇遇记', 47648)]"
三十六骑,"[('三十六骑', 45171)]"
三只兔子,"[('三只兔子 第二季', 46970), ('三只兔子 第二季', 46970)]"
三国演义,"[('三国演义', 85214)]"
不一样的数学故事,"[('不一样的数学故事', 46887)]"
不一样的科学故事,"[('不一样的科学故事', 46889)]"
不一样的语文故事,"[('不一样的语文故事', 46888)]"
不死不灭,"[('不死不灭', 43350)]"
不白吃古诗词漫游记,"[('不白吃古诗词漫游记 第一季', 47087), ('不白吃古诗词漫游记 第二季', 48020)]"
不白吃话山海经,"[('不白吃话山海经 第二季', 74811)]"
东方探秘谷,"[('东方探秘谷之游乐成语庄', 74414), ('东方探秘谷之千年寓言府', 74413)]"
东郭先生,"[('东郭先生', 47515)]"
丫丫的日常百科,"[('小鸡丫丫的日常百科 第二季', 46715), ('丫丫的日常百科 第一季', 46714), ('丫丫的日常百科 第3季', 72795), ('丫丫的日常百科 第4季', 72559)]"
中医药里的故事,"[('中医药里的故事 第1季', 72544)]"
中华上下五千年,"[('中华上下五千年之名人故事篇 第一季', 46773), ('中华上下五千年之民间故事传说', 46831), ('中华上下五千年之传统节日篇', 72785)]"
中华优秀传统文化系列动画片,"[('中华优秀传统文化系列动画片 第2季', 72909), ('中华优秀传统文化系列动画片之中医药的故事', 72908)]"
中华名人小课堂,"[('中华名人小课堂孔子篇', 72800), ('中华名人小课堂庄子篇', 72799), ('中华名人小课堂老子篇', 72798)]"
中华廉政故事,"[('中华廉政故事 第1季', 72558)]"
中华民间故事,"[('中华民间故事 第一季', 46719)]"
中华美德,"[('中华美德 成语教育动画', 46878), ('中华美德', 47664)]"
中华美德 成语教育动画,"[('中华美德 成语教育动画', 46878)]"
中华诗歌故事,"[('中华诗歌故事唐宋篇', 72776), ('中华诗歌故事之明清篇', 72744)]"
中国畅想曲,"[('中国畅想曲', 45571)]"
乌鸦为什么是黑的,"[('乌鸦为什么是黑的', 47516)]"
乌龙院,"[('乌龙院之活宝传奇 第8季', 72680), ('乌龙院之活宝传奇 第7季', 72679), ('乌龙院之活宝传奇 第6季', 72677), ('乌龙院之活宝传奇 第5季', 72672), ('乌龙院之活宝传奇 第4季', 72671), ('乌龙院之活宝传奇 第3季', 72667)]"
乐儿智慧乐园 世界各国,"[('乐儿智慧乐园 世界各国', 72676)]"
乐儿智慧乐园 幼儿启蒙,"[('乐儿智慧乐园 幼儿启蒙', 72678)]"
乐儿智慧王国 七巧板,"[('乐儿智慧王国 七巧板', 46883)]"
乐儿智慧王国 博览名著,"[('乐儿智慧王国 博览名著 第一季', 46884)]"
乐儿智慧王国 奇幻科普,"[('乐儿智慧王国 奇幻科普', 46882)]"
乐园市的快乐日常,"[('乐园市的快乐日常', 72878)]"
乐比悠悠,"[('乐比悠悠学成语', 46891), ('乐比悠悠之天天向上', 72813)]"
乐比悠悠学成语,"[('乐比悠悠学成语', 46891)]"
乖桃与闹瓜,"[('乖桃与闹瓜 第二季', 46858)]"
亏成首富从游戏开始,"[('亏成首富从游戏开始', 43344)]"
亡灵天灾：我抬手百万骨海,"[('亡灵天灾：我抬手百万骨海 动态漫', 100170)]"
人参果,"[('人参果', 47501)]"
今天的晚餐就是你,"[('今天的晚餐就是你', 43370)]"
从不出手的我混成了天榜大佬·,"[('从不出手的我混成了天榜大佬·动态漫', 103000)]"
从姑获鸟开始,"[('从姑获鸟开始之龙城风云', 45957)]"
仙女奇缘,"[('仙女奇缘', 44363)]"
仙王的日常生活,"[('仙王的日常生活 第四季', 43340)]"
伍六七,"[('伍六七之记忆碎片', 48315)]"
传闻中的白月光,"[('传闻中的白月光', 48280)]"
你好！卟卟,"[('你好！卟卟6', 72656), ('你好！卟卟5', 72652)]"
你的人生是我来迟了,"[('你的人生是我来迟了', 45970)]"
假如我是武松,"[('假如我是武松', 47512)]"
傲世九重天,"[('傲世九重天', 43362)]"
儿童小百科,"[('儿童小百科', 72553)]"
元气奇事,"[('元气奇事2', 68616)]"
光影天炎战甲,"[('光影天炎战甲', 72721)]"
全职高手荣耀小剧场,"[('全职高手荣耀小剧场', 74108)]"
公众应急知识,"[('公众应急知识', 72739)]"
冒险小王子,"[('冒险小王子 第2季', 72757)]"
冰封末日：绝无生还之路,"[('冰封末日：绝无生还之路 动态漫', 88935)]"
凸变英雄X,"[('凸变英雄X 日语版', 91575), ('凸变英雄X', 43554)]"
凹凸世界·Reborn,"[('凹凸世界·Reborn', 84438)]"
凹凸学园,"[('凹凸学园 第三季', 46113)]"
出动 安全救援号,"[('出动 安全救援号 第一季', 46787)]"
凿壁偷光-匡衡的传说,"[('凿壁偷光-匡衡的传说', 72905)]"
功夫萌娃,"[('功夫萌娃 第1季', 72914)]"
十方武圣,"[('十方武圣', 43353)]"
半蛋龙,"[('半蛋龙', 72924)]"
南瓜学院,"[('南瓜学院', 46935)]"
南郭先生,"[('南郭先生', 47502)]"
卡卡虎大冒险,"[('卡卡虎大冒险 第四季', 45475)]"
原来我早就无敌了,"[('原来我早就无敌了 动态漫', 47082), ('原来我早就无敌了 第三季 动态漫', 98269)]"
参娃与天池怪兽,"[('参娃与天池怪兽 第三季', 46780), ('参娃与天池怪兽 第二季', 47533), ('参娃与天池怪兽 第三季', 46780)]"
双生武魂,"[('双生武魂', 97755)]"
反派初始化,"[('反派初始化', 43348), ('反派初始化 动态漫', 88987)]"
反派师尊的我带着徒弟们天下无敌,"[('反派师尊的我带着徒弟们天下无敌 动态漫', 98255)]"
反诈小分队,"[('反诈小分队', 72549)]"
变形联盟,"[('变形联盟之越空勇者', 43798), ('变形联盟之雷霆再起', 47188)]"
可可小爱快乐学知识,"[('可可小爱快乐学知识', 72769)]"
史上最强,"[('史上最强', 47194)]"
号牛乃唐,"[('23号牛乃唐 第2季', 72947), ('23号牛乃唐 第1季', 72946)]"
向着星辰的长征,"[('向着星辰的长征', 105931)]"
君子无疾,"[('君子无疾', 43355)]"
君有云,"[('君有云 第二季', 73961)]"
命运拳台,"[('命运拳台', 39668)]"
咕噜先生,"[('咕噜先生', 47608)]"
咖宝车神,"[('咖宝车神之飞天战队', 48242), ('咖宝车神之拯救联盟（下）', 48241), ('咖宝车神之拯救联盟（上）', 48240), ('咖宝车神之时空守护', 48243)]"
咸鱼哥,"[('咸鱼哥 第二季', 43341), ('咸鱼哥 第二季 粤语版', 47792)]"
哈小浪,"[('哈小浪之星域大冒险', 48127)]"
哑舍,"[('哑舍 动态漫 第二季', 46610), ('哑舍 动态漫 第一季', 46609)]"
哪吒传奇,"[('哪吒传奇', 80050)]"
啾啾成长记,"[('啾啾成长记', 46716)]"
善良的夏吾冬,"[('善良的夏吾冬', 47507)]"
喜羊羊与灰太狼,"[('喜羊羊与灰太狼之羊村守护者', 32544), ('喜羊羊与灰太狼之跨时空救兵', 48247), ('喜羊羊与灰太狼之奇趣外星客', 32543)]"
喷喷象小百科,"[('喷喷象小百科之交通篇', 72801)]"
嗨！三宝,"[('嗨！三宝', 72921)]"
嘀嗒传奇,"[('嘀嗒传奇 第2季', 72781)]"
嘟嘟小分队,"[('嘟嘟小分队', 72929)]"
四格勇者,"[('四格勇者', 43368)]"
回铭,"[('回铭之烽火三月', 43337)]"
土波兔,"[('土波兔之酷酷智能', 72808), ('土波兔之暖暖家风', 72807), ('土波兔 第6季', 72912), ('土波兔 第5季', 72911)]"
土红色的骆驼,"[('土红色的骆驼', 47660)]"
圣尊助理的我已经无敌了,"[('圣尊助理的我已经无敌了 动态漫', 102872)]"
地上城与勇士,"[('地上城与勇士', 47772)]"
地下城与勇士,"[('地下城与勇士之破界少女 日语版', 47132), ('地下城与勇士之破界少女 日语版', 47132)]"
多多趣味识字课堂,"[('多多趣味识字课堂 第1季', 72791)]"
大侠请上功,"[('大侠请上功', 45958)]"
大侦探熊猫猪,"[('大侦探熊猫猪', 72816)]"
大宇宙时代,"[('大宇宙时代', 39657)]"
大宝大牙科学探索,"[('大宝大牙科学探索', 72920)]"
大森林里的小故事,"[('大森林里的小故事', 47606)]"
大盗贼,"[('大盗贼', 47482)]"
大英雄狄青,"[('大英雄狄青', 47488)]"
大象无形,"[('大象无形 动态漫', 102022)]"
大运河奇缘,"[('大运河奇缘3', 72934)]"
大道朝天,"[('大道朝天', 43369)]"
天命出马仙,"[('天命出马仙 动态漫', 100171)]"
天命大主宰,"[('天命大主宰', 73066)]"
天外福星,"[('天外福星', 72570)]"
天界代购店,"[('天界代购店 动态漫', 45991)]"
天眼之父南仁东,"[('天眼之父南仁东', 46980)]"
奇奇和努娜,"[('奇奇和努娜2', 45618)]"
奇奇妙妙博物馆,"[('奇奇妙妙博物馆', 72567)]"
奇妙大冒险,"[('奇妙大冒险', 46842)]"
奇特工程车,"[('奇特工程车 第2季', 72585), ('奇特工程车 第1季', 72584)]"
奇特益智工程车,"[('奇特益智工程车 第2季', 72812), ('奇特益智工程车 第1季', 72811)]"
奇趣特工队,"[('奇趣特工队 第2季', 72753)]"
女娲补天,"[('女娲补天', 47513)]"
奶泡泡学成语,"[('奶泡泡学成语 第四季', 47397), ('奶泡泡学成语 第三季', 47396), ('奶泡泡学成语 第二季', 47395), ('奶泡泡学成语 第一季', 47394)]"
好伙伴,"[('好伙伴', 46876)]"
好猫咪咪,"[('好猫咪咪', 47495)]"
如果历史是一群喵,"[('如果历史是一群喵 宋辽金夏篇', 45286), ('如果历史是一群喵 南宋金元篇', 48310), ('如果历史是一群喵 元末明初篇', 100292), ('如果历史是一群喵 元末明初篇', 100292)]"
妖神记,"[('妖神记之黑狱篇', 28769)]"
妖道至尊,"[('妖道至尊', 45434)]"
妙趣横生恐龙世界,"[('妙趣横生恐龙世界', 46793)]"
始祖的足迹,"[('始祖的足迹', 72910)]"
威力成长记,"[('威力成长记', 46892)]"
嫁人就嫁灰太狼,"[('嫁人就嫁灰太狼', 103105)]"
孔子归来,"[('孔子归来', 72902)]"
孔子见老子,"[('孔子见老子', 72903)]"
安全小卫士,"[('安全小卫士 第二季', 46880), ('安全小卫士 第二季', 46880)]"
宗门里除了我都是卧底,"[('宗门里除了我都是卧底', 48518)]"
宝宝乐学堂,"[('宝宝乐学堂之启蒙大世界', 72779), ('宝宝乐学堂之智慧大挑战', 72778), ('宝宝乐学堂之欢乐大拼盘', 72780)]"
家有开心果,"[('家有开心果', 47613)]"
封灵特优生,"[('封灵特优生 动态漫', 99546)]"
小刺猬吉吉,"[('小刺猬吉吉 第6季', 72591), ('小刺猬吉吉 第5季', 72590), ('小刺猬吉吉 第4季', 72589)]"
小刻的画图写话,"[('小刻的画图写话 中配版', 46628), ('小刻的画图写话', 46627)]"
小和尚,"[('小和尚', 47650)]"
小品一家人,"[('小品一家人之神探修勾', 46240)]"
小小的世界,"[('小小的世界', 72572)]"
小小知道,"[('小小知道之恐龙世界大冒险', 48594)]"
小强与旺财,"[('小强与旺财', 46881)]"
小熊猫学木匠,"[('小熊猫学木匠', 47509)]"
小猫威力,"[('小猫威力之亲子时光', 72542), ('小猫威力之快乐的小伙伴', 72533)]"
小神有戏,"[('小神有戏2', 72810), ('小神有戏 第1季', 72809)]"
小绿和小蓝,"[('小绿和小蓝 第二季', 43339), ('小绿和小蓝 第三季', 46171), ('小绿和小蓝 第四季', 46653), ('小绿和小蓝 第五季', 47104)]"
小羊哈哈童年日记,"[('小羊哈哈童年日记之礼仪篇', 72548)]"
小花仙,"[('小花仙 第五季 春季篇', 48104), ('小花仙 第四季', 48103), ('小花仙 第三季', 48102)]"
小草帽,"[('小草帽', 47649)]"
小药童也想修仙,"[('小药童也想修仙', 47907)]"
小蛋壳,"[('小蛋壳', 47514)]"
小蜜蜂,"[('小蜜蜂 第3季', 72768), ('小蜜蜂 第3季', 72768)]"
小豆的微观世界,"[('小豆的微观世界', 72554)]"
小鲤鱼历险记,"[('小鲤鱼历险记', 80048)]"
小鸡丫丫动起来,"[('小鸡丫丫动起来 第2季', 72877), ('小鸡丫丫动起来 第1季', 72876)]"
小鸡丫丫的日常百科,"[('小鸡丫丫的日常百科 第二季', 46715)]"
小鸡彩虹,"[('小鸡彩虹 第七季', 47539), ('小鸡彩虹 第八季', 47538)]"
小鹿蓝蓝,"[('小鹿蓝蓝', 45730)]"
少年歌行,"[('少年歌行 海外仙山篇', 45734), ('少年歌行 血染天启篇', 46188)]"
少年苏东坡传奇,"[('少年苏东坡传奇', 43932)]"
少年英雄小哪吒,"[('少年英雄小哪吒', 46859)]"
尼尼和她的好朋友,"[('尼尼和她的好朋友 第2季', 72742)]"
屈原,"[('屈原', 45473)]"
山山田田间,"[('山山田田间', 48855)]"
山海宝贝,"[('山海宝贝 第2季', 72926), ('山海宝贝 第2季', 72926)]"
山海封神,"[('山海封神 动态漫', 103017)]"
崂山道士,"[('崂山道士', 47504)]"
工程车救援行动队,"[('工程车救援行动队 第3季', 72588), ('工程车救援行动队 第2季', 72587), ('工程车救援行动队 第1季', 72586)]"
幻宠师,"[('幻宠师', 45961)]"
应该靠自己,"[('应该靠自己', 47485)]"
开局一条鲲,"[('开局一条鲲 动态漫', 102888)]"
开局地摊卖大力,"[('开局地摊卖大力', 45964)]"
开心动物园,"[('开心动物园 第1季', 72817), ('开心动物园 第2季', 72815), ('开心动物园 第3季', 72814)]"
开心超人,"[('开心超人联盟之异星迷航', 42008), ('开心超人联盟之异星迷航', 42008)]"
异人君莫邪,"[('异人君莫邪', 43546)]"
异空战歌,"[('异空战歌', 39703)]"
弟子都说我无敌,"[('弟子都说我无敌', 47196)]"
张飞审瓜,"[('张飞审瓜', 47498)]"
彩虹宝宝,"[('彩虹宝宝 第六季', 48106), ('彩虹宝宝 第五季', 48105)]"
彩虹森林的故事,"[('彩虹森林的故事 第3季', 72788), ('彩虹森林的故事 第3季', 72788), ('彩虹森林的故事 第2季', 72562)]"
彭祖传奇,"[('彭祖传奇之少年奇缘', 72566)]"
心奇爆龙战车,"[('心奇爆龙战车之暴龙出击 第三季', 46853), ('心奇爆龙战车之永宝帮帮忙', 46836), ('心奇爆龙战车之恐龙帮帮忙', 99792)]"
快乐家家车,"[('快乐家家车', 47484)]"
快乐小郑星,"[('快乐小郑星 第2季', 72546)]"
快乐熊兜兜,"[('快乐熊兜兜之奇妙世界', 72943)]"
快乐熊猫一家人,"[('快乐熊猫一家人 第1季', 72526)]"
快乐的海洋,"[('快乐的海洋', 46725)]"
念无双,"[('念无双', 92648)]"
怪兽家族,"[('怪兽家族', 72685)]"
怪兽小馆,"[('怪兽小馆', 43359)]"
怪城,"[('怪城', 47611)]"
怪想售,"[('怪想售', 43374)]"
怪老头儿,"[('怪老头儿', 47483)]"
恐龙时代,"[('恐龙时代 第三季', 72879), ('恐龙时代 第二季', 72727)]"
恰同学少年,"[('恰同学少年', 35210)]"
愚人买鞋,"[('愚人买鞋', 47494)]"
成语中国,"[('成语中国 第一季', 48501)]"
成语诗词荟萃,"[('成语诗词荟萃', 72550)]"
我们渡江啦,"[('我们渡江啦', 46752), ('我们渡江啦 第二季', 46751)]"
我叫MT,"[('我叫MT 第七季', 48158)]"
我在修仙世界朝九晚五,"[('我在修仙世界朝九晚五', 47798)]"
我在未来有套房,"[('我在未来有套房 第二季', 84293)]"
我在末世搬金砖,"[('我在末世搬金砖 动态漫', 103005)]"
我是发明家,"[('我是发明家 第2季', 72939), ('我是发明家 第1季', 72938), ('我是发明家 第3季', 72940)]"
我玩游戏成了绝世强者,"[('我玩游戏成了绝世强者', 45739)]"
我的三体,"[('我的三体 第四季', 45975)]"
我的师傅每到大限才突破,"[('我的师傅每到大限才突破 动态漫', 103004)]"
我的师兄太强了,"[('我的师兄太强了', 90883)]"
我的弟子遍布诸天万界,"[('我的弟子遍布诸天万界 第二季 动态漫', 98831)]"
我的弟子都超神,"[('我的弟子都超神 第二季', 47198)]"
我真不是大反派啊,"[('我真不是大反派啊 动态漫', 102893)]"
我真的不想当,"[('我真的不想当第一 动态漫', 103006)]"
我靠签到逆天改命,"[('我靠签到逆天改命', 47199)]"
托宝战士,"[('托宝战士之银河勇士战记', 46999), ('托宝战士之我教你画', 46998), ('托宝战士之施望的秘密', 46997), ('托宝战士之热血再燃', 46996), ('托宝战士之顶峰对决', 46995), ('托宝战士之银河保卫战', 46994), ('托宝战士之银河大激斗', 46993), ('托宝战士之银河侦探 第2季', 72755), ('托宝战士之银河侦探 第1季', 72754), ('托宝战士之银河侦探 第3季', 72735), ('托宝战士之银河侦探 第5季', 72737), ('托宝战士之银河侦探 第4季', 72736)]"
抬驴,"[('抬驴', 47506)]"
拇指总动员,"[('拇指总动员6：明珠黑影', 45690), ('拇指总动员5：风暴之眼', 45689), ('拇指总动员2：雨林奇遇', 45688), ('拇指总动员4：雪山寻鹿', 45687), ('拇指总动员6：明珠黑影', 45690)]"
捕星司·源起,"[('捕星司·源起', 39698)]"
掌门低调点,"[('掌门低调点 动态漫 第三季', 102996), ('掌门低调点 动态漫 第二季', 102995)]"
探索生活小百科,"[('探索生活小百科', 72552)]"
探险中的小百科,"[('探险中的小百科', 46728)]"
故事小号手,"[('故事小号手', 46839)]"
故事王国,"[('故事王国之乐在其中', 46726), ('故事王国之学以致用', 46727)]"
数学魔法,"[('数学魔法 第2季', 72773)]"
斗破苍穹,"[('斗破苍穹 动态漫 第四季', 45531), ('斗破苍穹 动态漫 第五季', 48516), ('斗破苍穹 动态漫 第四季', 45531)]"
新·异常生物见闻录：序,"[('新·异常生物见闻录：序', 43338), ('新·异常生物见闻录：序', 43338)]"
新大头儿子和小头爸爸 智能小当家,"[('新大头儿子和小头爸爸 智能小当家', 99791)]"
新大头儿子和小头爸爸 欢乐亲子营,"[('新大头儿子和小头爸爸 欢乐亲子营', 45616)]"
新大头儿子和小头爸爸传奇兜兜,"[('新大头儿子和小头爸爸传奇兜兜', 72950)]"
无聊就完结,"[('无聊就完结', 43347)]"
无脑魔女,"[('无脑魔女', 43371)]"
时光代理人,"[('时光代理人 第二季', 39666), ('时光代理人 英都篇', 48143)]"
时光的画笔,"[('时光的画笔', 48500)]"
明日方舟：冬隐归路,"[('明日方舟：冬隐归路 中配版', 46005), ('明日方舟：冬隐归路', 46004)]"
明日方舟：焰烬曙明,"[('明日方舟：焰烬曙明', 102042), ('明日方舟：焰烬曙明 中配版', 102041)]"
星原小宝,"[('星原小宝之奇妙探索', 72922)]"
星星班长,"[('星星班长 第二季', 48672), ('星星班长 第二季', 48672)]"
春芽宝贝,"[('春芽宝贝', 46734)]"
是王者啊？,"[('是王者啊？长安篇', 73993), ('是王者啊？长安篇', 73993)]"
晓晓成长日记,"[('晓晓成长日记 第二季', 72568)]"
智慧村的故事,"[('智慧村的故事 第一季', 46718), ('智慧村的故事 第二季', 74404)]"
暂停！智序重组,"[('暂停！智序重组', 45980)]"
曹冲称象,"[('曹冲称象', 47508)]"
最强反套路系统,"[('最强反套路系统 第二季 动态漫', 103007)]"
最强弃少,"[('最强弃少 动态漫', 102829)]"
最强神王,"[('最强神王 动态漫', 102894)]"
最强神赐,"[('最强神赐 动态漫', 102887)]"
月魁传 动态漫画,"[('月魁传 动态漫画', 46593)]"
木头岛的故事,"[('木头岛的故事', 72551)]"
木木博士,"[('木木博士之千问千答人体篇（中）', 72825)]"
机米和露露,"[('机米和露露 第二季', 46943), ('机米和露露 第二季', 46943)]"
杰米熊,"[('杰米熊之神话图卷', 72564)]"
枕刀歌,"[('枕刀歌 第二季', 76349)]"
林海雪原,"[('林海雪原', 47537)]"
核晶少年,"[('核晶少年 第4季', 72668), ('核晶少年 第3季', 72666), ('核晶少年 第2季', 72664), ('核晶少年 第1季', 72663)]"
桃花夫人,"[('桃花夫人', 72547)]"
梦想总动员,"[('梦想总动员', 43931)]"
棉花糖和云朵妈妈 快乐生活,"[('棉花糖和云朵妈妈 快乐生活2', 44305)]"
棉花糖和云朵妈妈超级小米花,"[('棉花糖和云朵妈妈超级小米花', 72948)]"
棒波免的海洋之旅,"[('棒波免的海洋之旅', 72766)]"
槑好时光·城南忆事,"[('槑好时光·城南忆事', 46702)]"
橡树餐厅,"[('橡树餐厅之食神秘籍', 72889)]"
欢乐小狮子,"[('欢乐小狮子', 72819)]"
正经少主的幸福生活,"[('正经少主的幸福生活', 43346)]"
毛毛镇,"[('毛毛镇之海洋大发现', 45518)]"
民族风情,"[('民族风情', 47609)]"
民调局异闻录,"[('民调局异闻录 第2季', 47990)]"
水果三国,"[('水果三国', 72565)]"
汉化日记,"[('汉化日记 第四季', 43308)]"
汽车世界城市大冒险,"[('汽车世界城市大冒险 第1季', 72955)]"
汽车星球,"[('汽车星球 第2季', 72888)]"
没头脑和不高兴,"[('没头脑和不高兴', 47778)]"
没牙的老虎,"[('没牙的老虎', 47491)]"
海尔兄弟高清,"[('海尔兄弟高清重制版', 91783)]"
淘气猪多多,"[('淘气猪多多之我爱画画 第三季', 46706), ('淘气猪多多之我爱画画 第二季', 46775), ('淘气猪多多之我爱画画 第四季', 72557)]"
淘淘与小布,"[('淘淘与小布', 46833)]"
漫虫记,"[('漫虫记 第二季', 46875)]"
漫赏秦腔,"[('漫赏秦腔 第1季', 72573), ('漫赏秦腔 第2季', 72563)]"
火凤燎原,"[('火凤燎原 第二季', 72937)]"
火火兔学古诗,"[('火火兔学古诗', 72698)]"
灵笼,"[('灵笼 第二季', 46585)]"
灵草小战士,"[('灵草小战士 第1季', 72750)]"
炫卡斗士,"[('炫卡斗士之猛兽能量', 72729)]"
炼气练了三千年,"[('炼气练了三千年 第三季', 48283), ('炼气练了三千年 第三季', 48283), ('炼气练了三千年 第二季', 48282), ('炼气练了三千年 第一季', 48281)]"
熊猫百货商店,"[('熊猫百货商店', 47493)]"
燃夏,"[('燃夏', 42066)]"
爆炫星陀,"[('爆炫星陀', 48245)]"
爸爸妈妈小时候的故事,"[('爸爸妈妈小时候的故事', 72571)]"
牛牛和西西,"[('牛牛和西西', 47486)]"
牧神记,"[('牧神记', 45969)]"
狼来了,"[('狼来了', 47511)]"
猩猩探长,"[('猩猩探长', 47487)]"
猪多多,"[('淘气猪多多之我爱画画 第三季', 46706), ('淘气猪多多之我爱画画 第二季', 46775), ('猪多多成长日记 第二季', 46832), ('猪多多成长日记 第二季', 46832), ('猪多多之趣味小课堂 第5季', 72822), ('猪多多之趣味小课堂 第2季', 72771), ('猪多多之彩虹画堂 第2季', 72770), ('猪多多之彩虹画堂 第3季', 72783), ('猪多多之十万个为什么 第1季', 72561), ('淘气猪多多之我爱画画 第四季', 72557)]"
猪多多成长日记,"[('猪多多成长日记 第二季', 46832), ('猪多多成长日记 第二季', 46832)]"
猪猪·吉利·小财神,"[('猪猪·吉利·小财神', 47666)]"
猪猪侠,"[('猪猪侠益智课堂4', 46241), ('猪猪侠之益智课堂5', 46507), ('猪猪侠恐龙爆笑研究所', 72674), ('猪猪侠爆笑科普乐园', 72673), ('猪猪侠之恐龙日记 第8季', 72645), ('猪猪侠之恐龙日记 第7季', 72644), ('猪猪侠之恐龙日记 第2季', 72643), ('猪猪侠之恐龙日记 第1季', 72641), ('猪猪侠之环球日记', 72626), ('猪猪侠之拼装特工队', 72625), ('猪猪侠之深海小英雄4', 72624), ('猪猪侠之深海小英雄3', 72623), ('猪猪侠之深海小英雄2', 72622), ('猪猪侠之深海小英雄1', 72621)]"
猪猪侠恐龙爆笑研究所,"[('猪猪侠恐龙爆笑研究所', 72674)]"
猪猪侠爆笑科普乐园,"[('猪猪侠爆笑科普乐园', 72673)]"
猪猪侠益智课堂,"[('猪猪侠益智课堂4', 46241)]"
猴子捞月,"[('猴子捞月', 47505)]"
王安石与鄞县,"[('王安石与鄞县', 72697)]"
画廊一夜,"[('画廊一夜', 47492)]"
疯狂小糖,"[('疯狂小糖 第五季', 72661), ('疯狂小糖 第四季', 72660)]"
白玉堂,"[('白玉堂', 47652)]"
白色闪电,"[('白色闪电', 47926)]"
百变宝贝,"[('百变宝贝', 47665)]"
百变布鲁可,"[('百变布鲁可8超变先锋救援', 72961)]"
百变校巴,"[('百变校巴15火星大冒险', 72616), ('百变校巴14', 72615), ('百变校巴13', 72613), ('百变校巴成语故事', 72670), ('百变校巴成长绘本', 72649), ('百变校巴英文儿歌 第2季', 72648), ('百变校巴英文儿歌 第1季', 72647), ('百变校巴16火星大冒险', 72617)]"
百变校巴成语故事,"[('百变校巴成语故事', 72670)]"
百变校巴成长绘本,"[('百变校巴成长绘本', 72649)]"
百变校巴英文儿歌,"[('百变校巴英文儿歌 第2季', 72648), ('百变校巴英文儿歌 第1季', 72647)]"
百变雄师,"[('百变雄师 第四季', 46992), ('百变雄师 第三季', 46991), ('百变雄师 第二季', 46990), ('百变雄师 第四季', 46992)]"
百妖谱,"[('百妖谱·司府篇', 43364), ('百妖谱·洛阳篇', 73941)]"
百工灵,"[('百工灵', 48019)]"
皮皮的故事,"[('皮皮的故事', 47489)]"
盐友,"[('盐友 动态漫', 47090)]"
盟卡车神,"[('盟卡车神之魔幻元珠 第三季', 46703), ('盟卡车神之龙兽觉醒', 48533), ('盟卡车神之魔幻对决W', 48246), ('盟卡车神之龙兽觉醒 第二季', 96212)]"
目标一亿积分,"[('目标一亿积分 动态漫', 98252)]"
相亲式修真道侣,"[('相亲式修真道侣 动态漫', 102864)]"
真假李逵,"[('真假李逵', 47503)]"
真理面具,"[('真理面具 动态漫 重制版', 88988)]"
知宝学堂,"[('知宝学堂之成语故事 第4季', 74410), ('知宝学堂之成语故事 第3季', 74409), ('知宝学堂之成语故事 第2季', 74408), ('知宝学堂之成语故事 第1季', 74407)]"
神之一脚,"[('神之一脚', 45973)]"
神兽小岛,"[('神兽小岛 第1季', 72891)]"
神奇小队,"[('神奇小队之我爱画画 第3季', 72532), ('神奇小队之我爱画画 第2季', 72530), ('神奇小队之我爱画画 第3季', 72532)]"
神奇画笔看世界,"[('神奇画笔看世界', 72528)]"
神奇的朋友 咖宝蛋神,"[('神奇的朋友 咖宝蛋神', 48244)]"
神奇飞船,"[('神奇飞船之中华寻宝', 46835)]"
神豪,"[('神豪之天降系统 动态漫', 103003)]"
神道帝尊,"[('神道帝尊', 48519)]"
福娃,"[('福娃', 99897)]"
穿越云南三千年 云小志漫游记,"[('穿越云南三千年 云小志漫游记 第三季', 46933)]"
童心向阳,"[('童心向阳', 72907)]"
第一序列,"[('第一序列', 39659)]"
笼中人,"[('笼中人', 45967)]"
米乐米可,"[('米乐米可之欢乐海豚岛 第二季', 99795)]"
精灵梦叶罗丽,"[('精灵梦叶罗丽 第10季', 48156), ('精灵梦叶罗丽 第9季', 48155), ('精灵梦叶罗丽 第8季', 48154), ('精灵梦叶罗丽 第7季', 48153), ('精灵梦叶罗丽 第6季', 48152), ('精灵梦叶罗丽 第5季', 48151), ('精灵梦叶罗丽 第4季', 48150), ('精灵梦叶罗丽 第3季', 48149), ('精灵梦叶罗丽 第2季', 48148)]"
系统逼我做反派,"[('系统逼我做反派 动态漫', 102885)]"
繁花似锦,"[('繁花似锦', 46877)]"
红孩儿传奇,"[('红孩儿传奇', 47612)]"
红鼻子,"[('红鼻子', 47605)]"
纳尤古传奇,"[('纳尤古传奇', 72758)]"
纸朋友,"[('纸朋友 第2季', 72775), ('纸朋友 第3季', 72774), ('纸朋友 第1季', 72772)]"
给我来个小狐狸,"[('给我来个小狐狸', 42538)]"
绿野森林的故事,"[('绿野森林的故事', 72918)]"
缔灵爱,"[('缔灵爱之默水玲珑', 102134), ('缔灵爱之默水玲珑', 102134)]"
罗米熊与丹米兔,"[('罗米熊与丹米兔', 72593)]"
美猴王,"[('美猴王', 80049)]"
聪明的笨小猪,"[('聪明的笨小猪', 47607)]"
聪明的阿凡提,"[('聪明的阿凡提', 75628)]"
胶囊计划,"[('胶囊计划 第二季', 46555), ('胶囊计划 英雄', 48806)]"
胶囊计划 英雄,"[('胶囊计划 英雄', 48806)]"
航天双子星,"[('航天双子星 第二季', 99798)]"
船员历险记,"[('船员历险记之其乐融融', 46713)]"
节气小精灵,"[('节气小精灵', 46857)]"
苍兰诀,"[('苍兰诀', 103580)]"
荒岛历险记,"[('荒岛历险记之罗克和编程猫', 72765)]"
菠萝王国,"[('菠萝王国', 72782)]"
萌果乐多多,"[('萌果乐多多之水果勋章 第二季', 46794)]"
蔬菜不寂寞,"[('蔬菜不寂寞 第四十二季', 46808), ('蔬菜不寂寞 第四十一季', 46807), ('蔬菜不寂寞 第四十季', 46806), ('蔬菜不寂寞 第三十九季', 46805), ('蔬菜不寂寞 第三十八季', 46804), ('蔬菜不寂寞 第三十七季', 46803), ('蔬菜不寂寞 第三十六季', 46802), ('蔬菜不寂寞 第三十五季', 46801), ('蔬菜不寂寞 第三十四季', 46800), ('蔬菜不寂寞 第三十三季', 46799), ('蔬菜不寂寞 第三十二季', 46798), ('蔬菜不寂寞 第三十一季', 46797), ('蔬菜不寂寞 第44季', 72515), ('蔬菜不寂寞 第45季', 72518), ('蔬菜不寂寞 第46季', 72519), ('蔬菜不寂寞 第43季', 72514)]"
虎鹤妖师录,"[('虎鹤妖师录', 45960)]"
虚无边境,"[('虚无边境 粤语版', 47657), ('虚无边境 粤语版', 47657)]"
虫小绿历史为什么,"[('虫小绿历史为什么之生活篇', 48815), ('虫小绿历史为什么之发明篇', 47787), ('虫小绿历史为什么之神话篇', 47786), ('虫小绿历史为什么之穿越篇', 97550)]"
虹猫蓝兔七侠传,"[('虹猫蓝兔七侠传 英文版', 92534)]"
虹猫蓝兔海底历险记,"[('虹猫蓝兔海底历险记 英文版', 92535)]"
蛮荒仙界,"[('蛮荒仙界', 85593)]"
西游漫记,"[('西游漫记', 47661)]"
论语智慧,"[('论语智慧', 72900)]"
请吃红小豆吧！食物世界,"[('请吃红小豆吧！食物世界 第一季', 48807)]"
诸葛亮,"[('诸葛亮之定军山', 72895)]"
豆豆一家人,"[('豆豆一家人', 72917)]"
豫游记,"[('豫游记之信阳篇', 46834)]"
财宝小狐狸,"[('财宝小狐狸', 47653)]"
贾老爷开店,"[('贾老爷开店', 46886)]"
赘婿,"[('赘婿 第二季', 47998)]"
赛几传说,"[('赛几传说', 73197)]"
赛尔号,"[('赛尔号 第3季', 48099), ('赛尔号 第4季', 48098), ('赛尔号 第5季', 48097), ('赛尔号 第6季', 48096), ('赛尔号 第7季', 48095), ('赛尔号 第8季', 48094), ('赛尔号 第9季', 48093), ('赛尔号 第10季', 48092)]"
超元绝战,"[('超元绝战之传说卡', 72915)]"
超变兽车侠,"[('超变兽车侠', 47723)]"
超变战陀,"[('超变战陀5百变战陀', 46349), ('超变战陀之百变战陀2', 47722)]"
超级微信,"[('超级微信', 47195)]"
超级球迷,"[('超级球迷', 47662)]"
趣说中华名人故事,"[('趣说中华名人故事 第1季', 72784)]"
趣说经典,"[('趣说经典之论语学堂', 74400)]"
路,"[('明日方舟：冬隐归路 中配版', 46005), ('明日方舟：冬隐归路', 46004), ('土豆多励之一梦一路第二季', 40487), ('最强反套路系统 第二季 动态漫', 103007), ('冰封末日：绝无生还之路 动态漫', 88935)]"
跳跳鱼世界,"[('跳跳鱼世界故事会', 99794), ('跳跳鱼世界 第七季', 46724)]"
跳跳鱼世界故事会,"[('跳跳鱼世界故事会', 99794)]"
车宝乐园,"[('车宝乐园之变形工程车', 72956)]"
转战,"[('转战之超旋斗士', 72927)]"
这个大佬画风不对,"[('这个大佬画风不对 动态漫', 103016)]"
逐梦少年,"[('逐梦少年', 44364)]"
通灵妃,"[('通灵妃 第二季', 45974)]"
道君,"[('道君 动态漫', 102998)]"
邂逅她的少女时代,"[('邂逅她的少女时代', 45977)]"
那年那兔那些事儿,"[('那年那兔那些事儿 第七季', 80930)]"
都市最强仙尊,"[('都市最强仙尊', 47191)]"
都市最强房东,"[('都市最强房东', 47193)]"
都市神医：七个师姐保我无敌,"[('都市神医：七个师姐保我无敌', 46223)]"
都市阴阳仙医,"[('都市阴阳仙医 动态漫', 102867)]"
重生,"[('重生归来：直接无敌', 47192), ('重生之神级败家子 动态漫', 103015), ('重生都市天尊 动态漫', 102892)]"
重生归来：直接无敌,"[('重生归来：直接无敌', 47192)]"
重生都市天尊,"[('重生都市天尊 动态漫', 102892)]"
金蚕往事,"[('金蚕往事', 100085)]"
钟南山的故事,"[('钟南山的故事', 46981)]"
钟点父子,"[('钟点父子', 47651)]"
钢铁飞龙,"[('钢铁飞龙4捕梦奇兵', 46465)]"
银河封神纪,"[('银河封神纪 第1季', 72722)]"
镇魂街,"[('镇魂街 第三季', 43547), ('镇魂街 第四季', 48578)]"
长歌行,"[('长歌行', 39660)]"
闪亮闪亮太伶美,"[('闪亮闪亮太伶美 第2季', 72728), ('闪亮闪亮太伶美 第1季', 72725)]"
阿U学堂,"[('阿U学堂之中华诗词篇', 46978)]"
阿U学英语,"[('阿U学英语', 72681)]"
阿优学科学,"[('阿优学科学 第二季', 46969)]"
阿诺德和他可爱的木偶们,"[('阿诺德和他可爱的木偶们 日文版', 48159), ('阿诺德和他可爱的木偶们 英文版', 47671), ('阿诺德和他可爱的木偶们 繁体中文版', 47670), ('阿诺德和他可爱的木偶们 日文版', 48159)]"
隐身探长,"[('隐身探长', 47604)]"
雪孩子,"[('雪孩子', 47497)]"
雪王,"[('雪王之奇幻沙州', 74497), ('雪王之奇幻沙州', 74497)]"
霸王龙雷奇,"[('霸王龙雷奇 第二季', 73403), ('霸王龙雷奇 第二季', 73403)]"
青田小田鱼,"[('青田小田鱼 第2季', 72942), ('青田小田鱼 第1季', 72941)]"
非人哉,"[('非人哉 第三季', 101854)]"
风尘小游侠,"[('风尘小游侠', 47610)]"
风速少年团,"[('风速少年团 第1季', 72696)]"
飞天狐和卡卡,"[('飞天狐和卡卡', 72892)]"
飞越五千年,"[('飞越五千年 第2季', 72569)]"
飞龙天降,"[('飞龙天降', 47654)]"
食草老龙被冠以恶龙之名,"[('食草老龙被冠以恶龙之名 第二季 日语版', 48503), ('食草老龙被冠以恶龙之名 第二季', 48502)]"
魔方战士,"[('魔方战士 第1季', 72724)]"
魔法可可,"[('魔法可可', 72928)]"
魔法学院,"[('魔法学院 第六季', 46856), ('魔法学院 第三季', 99799)]"
魔鬼芯片,"[('魔鬼芯片', 47659)]"
鲲吞天下,"[('鲲吞天下 动态漫', 47797), ('鲲吞天下之掌门归来', 45965)]"
鸭丫俱乐部,"[('鸭丫俱乐部 第2季', 72726)]"
鹿宝贝朗迪,"[('鹿宝贝朗迪', 72945)]"
鹿铃,"[('鹿铃', 47510)]"
黑云国历险记,"[('黑云国历险记', 46823)]"
黑神话：悟空,"[('六样情——《黑神话：悟空》章节动画原版合集', 48625)]"
龅牙的快乐生活,"[('龅牙的快乐生活', 101731)]"
龙宝小英雄,"[('龙宝小英雄 第2季', 72738)]"
