所属动漫,视频标题,播放量,弹幕数,收藏数,UP主,标签,bvid,url
长安三万里,"长安三万里狂草<em class=""keyword"">张旭</em>",1343,0,3,君君杰睿,"唐朝,长安,影视剪辑,长安三万里,长安三万里大唐欢迎你,狂草张旭",BV13N41127Yc,https://www.bilibili.com/video/BV13N41127Yc
长安三万里,我敢说，90%的国人根本不了解李白,8918945,3857,157502,布衣探案,"中国,文化,中国风,唐朝,李白,影视剪辑,高适,追光,长安三万里,电影长安三万里,长安三万里大唐欢迎你",BV1WV4y187CK,https://www.bilibili.com/video/BV1WV4y187CK
长安三万里,《长安三万里》|“我本桀骜少年臣，不信鬼神不信人”,515199,317,8830,福克纳ai,"杜甫,少年,长安,李白,混剪,影视剪辑,高适,让酒,长安三万里,我在B站看动画节",BV1614y1z7yr,https://www.bilibili.com/video/BV1614y1z7yr
长安三万里,杜甫高适20多年后再相见，第一件事竟然是去追星李白,300245,85,2146,毛豆酱の,"电影,杜甫,唐朝,李白,影视剪辑,相见,长安三万里",BV1iu411a7C2,https://www.bilibili.com/video/BV1iu411a7C2
长安三万里,杜甫高适20多年后再相见，第一件事竟然是去追星李白,300245,85,2146,毛豆酱の,"电影,杜甫,唐朝,李白,影视剪辑,相见,长安三万里",BV1iu411a7C2,https://www.bilibili.com/video/BV1iu411a7C2
长安三万里,"【将进酒】披哥笑风生×长安三万里 琴心剑胆公子楚 万古同杯<em class=""keyword"">李太白</em> 舞台混剪re大杂烩 陈楚生×蔡国庆×李玖哲×王栎鑫×宝石Gem老舅×罗杰夫",3433,1,5,谁说酒菜不能当捧花,"陈楚生,将进酒,李玖哲,王栎鑫,蔡国庆,舞台混剪,罗杰夫,宝石Gem,长安三万里,全能追星企划,全能追星企划3.0",BV1dQ4y187Wz,https://www.bilibili.com/video/BV1dQ4y187Wz
长安三万里,《长安三万里》|“我本桀骜少年臣，不信鬼神不信人”,515199,317,8830,福克纳ai,"杜甫,少年,长安,李白,混剪,影视剪辑,高适,让酒,长安三万里,我在B站看动画节",BV1614y1z7yr,https://www.bilibili.com/video/BV1614y1z7yr
长安三万里,"我敢说，90%的国人根本不了解<em class=""keyword"">李白</em>",8918945,3857,157502,布衣探案,"中国,文化,中国风,唐朝,李白,影视剪辑,高适,追光,长安三万里,电影长安三万里,长安三万里大唐欢迎你",BV1WV4y187CK,https://www.bilibili.com/video/BV1WV4y187CK
长安三万里,长安三万里“大唐盛世·梦回长安”独属我们中国人的浪漫！,2132569,1743,25269,FUSION-TV,"中国,长安,电影剪辑,李白,4K,影视剪辑,追光,大唐盛世,FUSION-TV,长安三万里,长安三万里大唐欢迎你",BV1Cm4y1J7Uj,https://www.bilibili.com/video/BV1Cm4y1J7Uj
长安三万里,"“人生短暂，知己难遇…”｜长安三万里·<em class=""keyword"">李白</em>和高适的神仙友谊",107013,117,4797,wink-烨,"电影,唐朝,国漫,李白,影视剪辑,追光动画,高适,神仙友谊,长安三万里,电影长安三万里,长安三万里大唐欢迎你",BV1SN411S7wR,https://www.bilibili.com/video/BV1SN411S7wR
长安三万里,"【长安三万里|<em class=""keyword"">李白</em>高适友情向同人手书】City Of Stars",95033,171,7493,叶桦耶,"手书,李白,历史同人,高适,长安三万里",BV1oN411h7zZ,https://www.bilibili.com/video/BV1oN411h7zZ
长安三万里,"拉片解析《长安三万里》（六）王维一首《相思》赠<em class=""keyword"">李龟年</em>，修道公主和广交朋友的岐王，杜甫喝酒骂人险些被杀，王维为亡妻三十年不娶",2372,3,50,FutierNixe,"历史,杜甫,唐朝,影视剪辑,王维,李龟年,人文历史档案馆,长安三万里,人文历史档案馆2.0",BV1zgUJYmEdZ,https://www.bilibili.com/video/BV1zgUJYmEdZ
长安三万里,"<em class=""keyword"">杜甫</em>居然是李白的头号粉丝",5043352,67,114995,三脚猫燃剪,"杜甫,剪辑,李白,影视剪辑,长安三万里",BV1ss4y1y74Z,https://www.bilibili.com/video/BV1ss4y1y74Z
长安三万里,世上疮痍，诗中圣哲；民间疾苦，笔底波澜 ——【长安三万里】,12535,3,190,那菈剪辑,"国产,杜甫,动画电影,电影剪辑,李白,影视剪辑,长安三万里,长安三万里大唐欢迎你",BV1bP411k7hv,https://www.bilibili.com/video/BV1bP411k7hv
长安三万里,"【长安三万里】论李白和迪士尼<em class=""keyword"">公主</em>的适配程度",46263,11,343,桃呀淘呀萄,"公主,迪士尼,动画电影,李白,迪士尼公主,影视剪辑,长安三万里,电影长安三万里,长安三万里大唐欢迎你",BV1s8411S7Ua,https://www.bilibili.com/video/BV1s8411S7Ua
长安三万里,"【长安三万里】论李白和迪士尼<em class=""keyword"">公主</em>的适配程度",46263,11,343,桃呀淘呀萄,"公主,迪士尼,动画电影,李白,迪士尼公主,影视剪辑,长安三万里,电影长安三万里,长安三万里大唐欢迎你",BV1s8411S7Ua,https://www.bilibili.com/video/BV1s8411S7Ua
长安三万里,长安三万里-大唐女子图鉴,38414,2,302,一只雪梨SherryLynn,"唐朝,国漫,长安,美人,扬州,影视剪辑,追光动漫,长安三万里,循迹琵琶版,神仙剪刀手,影视神仙剪刀手",BV1pj411x7Xe,https://www.bilibili.com/video/BV1pj411x7Xe
长安三万里,"【长安三万里】论李白和迪士尼<em class=""keyword"">公主</em>的适配程度",46263,11,343,桃呀淘呀萄,"公主,迪士尼,动画电影,李白,迪士尼公主,影视剪辑,长安三万里,电影长安三万里,长安三万里大唐欢迎你",BV1s8411S7Ua,https://www.bilibili.com/video/BV1s8411S7Ua
长安三万里,《长安三万里》正片古诗「纯享版」,395079,470,7201,薄荷在哪里,"电影,李白,古诗,影视剪辑,高适,长安三万里",BV15u4y1t71B,https://www.bilibili.com/video/BV15u4y1t71B
长安三万里,《长安三万里》正片古诗「纯享版」,395079,470,7201,薄荷在哪里,"电影,李白,古诗,影视剪辑,高适,长安三万里",BV15u4y1t71B,https://www.bilibili.com/video/BV15u4y1t71B
长安三万里,"长安三万里—<em class=""keyword"">王维</em>",46868,3,105,君君杰睿,"电影,唐朝,国漫,长安,相思,影视剪辑,王维,长安三万里",BV1tg4y1w785,https://www.bilibili.com/video/BV1tg4y1w785
长安三万里,"长安三万里—<em class=""keyword"">王维</em>",46868,3,105,君君杰睿,"电影,唐朝,国漫,长安,相思,影视剪辑,王维,长安三万里",BV1tg4y1w785,https://www.bilibili.com/video/BV1tg4y1w785
长安三万里,我敢说，90%的国人根本不了解李白,8918945,3857,157502,布衣探案,"中国,文化,中国风,唐朝,李白,影视剪辑,高适,追光,长安三万里,电影长安三万里,长安三万里大唐欢迎你",BV1WV4y187CK,https://www.bilibili.com/video/BV1WV4y187CK
长安三万里,"<em class=""keyword"">诗仙</em>的随口一吟，便是后世无法超越的存在！",88540,50,782,荒草音乐,"中国风,古装,诗词,李白,影视剪辑,辛柏青,诗仙,妖猫传,长安三万里,新剧好剧一起看,开启暑假的100种方式",BV1814y197GL,https://www.bilibili.com/video/BV1814y197GL
长安三万里,《长安三万里》|“我本桀骜少年臣，不信鬼神不信人”,515200,317,8830,福克纳ai,"杜甫,少年,长安,李白,混剪,影视剪辑,高适,让酒,长安三万里,我在B站看动画节",BV1614y1z7yr,https://www.bilibili.com/video/BV1614y1z7yr
长安三万里,《长安三万里》正片古诗「纯享版」,395079,470,7201,薄荷在哪里,"电影,李白,古诗,影视剪辑,高适,长安三万里",BV15u4y1t71B,https://www.bilibili.com/video/BV15u4y1t71B
长安三万里,【长安三万里】诗词混剪—“我有了一首诗，我要给大家，以诗助兴”,200950,589,4500,卿云有点困,"古风,国漫,李白,唐诗,影视剪辑,古风混剪,长安三万里,神仙剪刀手,影视神仙剪刀手",BV1Gg4y197k8,https://www.bilibili.com/video/BV1Gg4y197k8
长安三万里,杜甫居然是李白的头号粉丝,5043353,67,114995,三脚猫燃剪,"杜甫,剪辑,李白,影视剪辑,长安三万里",BV1ss4y1y74Z,https://www.bilibili.com/video/BV1ss4y1y74Z
长安三万里,世上疮痍，诗中圣哲；民间疾苦，笔底波澜 ——【长安三万里】,12535,3,190,那菈剪辑,"国产,杜甫,动画电影,电影剪辑,李白,影视剪辑,长安三万里,长安三万里大唐欢迎你",BV1bP411k7hv,https://www.bilibili.com/video/BV1bP411k7hv
长安三万里,杜甫居然是李白的头号粉丝,5043353,67,114995,三脚猫燃剪,"杜甫,剪辑,李白,影视剪辑,长安三万里",BV1ss4y1y74Z,https://www.bilibili.com/video/BV1ss4y1y74Z
长安三万里,"【<em class=""keyword"">长安三万里</em>|李白高适友情向同人手书】City Of Stars",95033,171,7493,叶桦耶,"手书,李白,历史同人,高适,长安三万里",BV1oN411h7zZ,https://www.bilibili.com/video/BV1oN411h7zZ
长安三万里,"<em class=""keyword"">长安三万里</em>，隔江跳舞纯享版",50752,9,644,Mindusty_0vQ,"舞蹈,剪辑,跳舞,长安三万里,记录动漫深刻瞬间",BV1sM411Q7qB,https://www.bilibili.com/video/BV1sM411Q7qB
长安三万里,"被《<em class=""keyword"">长安三万里</em>》整破防了",102649,116,468,枫烨叶耶,"电影,动画电影,电视剧,长安,李白,影视剪辑,影评杂谈,破防,影视热点观察,长安三万里,开启暑假的100种方式",BV1c8411S7Yq,https://www.bilibili.com/video/BV1c8411S7Yq
长安三万里,"【<em class=""keyword"">长安三万里</em>×民乐版Golden Hour】“盛唐即使破碎也掷地有声”",89896,220,4266,潜行莎士比亚,"动画电影,大唐,李白,混剪,影视剪辑,台词向,高适,长安三万里,Golden hour,长安三万里大唐欢迎你",BV1tm4y1L7LB,https://www.bilibili.com/video/BV1tm4y1L7LB
长安三万里,"【点播「<em class=""keyword"">长安三万里</em>」///reaction】“轻舟已过万重山”",42646,187,224,草莓小圆子-,"REACTION,轻舟,长安三万里,这就是混剪,影视神仙剪刀手",BV1nHgQzxEa6,https://www.bilibili.com/video/BV1nHgQzxEa6
长安三万里,"<em class=""keyword"">长安三万里</em>｜群像混剪｜轻舟已过万重山",14495,0,344,浮舟吟宴惊鹊枝,"群像,混剪,影视剪辑,长安三万里",BV1ga4y1r78i,https://www.bilibili.com/video/BV1ga4y1r78i
长安三万里,"<em class=""keyword"">长安三万里</em>×万象<em class=""keyword"">长安</em>|“寸心所系，此处<em class=""keyword"">长安</em>”",286110,588,7754,宇航2333,"电影,剪辑,凤凰传奇,剑网3,长安,混剪,影视剪辑,万象长安,长安三万里,新剧好剧一起看,开启暑假的100种方式",BV1ZP411e7gX,https://www.bilibili.com/video/BV1ZP411e7gX
长安三万里,"《<em class=""keyword"">长安三万里</em>》|“我本桀骜少年臣，不信鬼神不信人”",515200,317,8830,福克纳ai,"杜甫,少年,长安,李白,混剪,影视剪辑,高适,让酒,长安三万里,我在B站看动画节",BV1614y1z7yr,https://www.bilibili.com/video/BV1614y1z7yr
长安三万里,"华流才是真顶流！东方美学就是坠吊的！<em class=""keyword"">长安三万里</em>×水龙吟",175781,117,2365,一只加油鸭の,"国漫,影视剪辑,东方美学,追光,长安三万里,长安三万里大唐欢迎你",BV1E14y1d7qX,https://www.bilibili.com/video/BV1E14y1d7qX
长安三万里,"<em class=""keyword"">长安三万里</em>哥舒翰诗",33629,6,74,木ヾ非殿,"经典电影,电影剪辑,影视剪辑,哥舒翰,高适,哥舒歌,长安三万里,南风知我意二创大赛",BV1ta4y1X7TX,https://www.bilibili.com/video/BV1ta4y1X7TX
长安三万里,"“盛世<em class=""keyword"">长安</em>，群英荟萃”<em class=""keyword"">长安三万里</em>混剪  一世心上<em class=""keyword"">长安</em>",1859,0,20,绛衣雪尘jl,"混剪,影视剪辑,长安三万里",BV1ryxTejET2,https://www.bilibili.com/video/BV1ryxTejET2
长安三万里,"<em class=""keyword"">长安三万里</em>诗集合",4773951,21,195938,三脚猫燃剪,"合集,古风,电视剧,影视剪辑,长安三万里",BV1L14y1R7rd,https://www.bilibili.com/video/BV1L14y1R7rd
长安三万里,"【李白×高适】后来，他一直在诗中寻你，<em class=""keyword"">长安三万里</em>。",31514,166,427,英缘木,"感人,友情,李白,影视剪辑,高适,长安三万里,长安三万里大唐欢迎你",BV1TF41197V9,https://www.bilibili.com/video/BV1TF41197V9
长安三万里,"<em class=""keyword"">长安三万里</em>，李白《将进酒》",13425,19,42,奇妙冒泡v,"古风,剪辑,国漫,李白,影视剪辑,必剪创作,长安三万里",BV1QM411S7Lv,https://www.bilibili.com/video/BV1QM411S7Lv
长安三万里,"<em class=""keyword"">长安三万里</em>【电影解说】一剪到底 一次看个够",10005,1,63,小破站丶李逍遥,"电影,影视剪辑,电影解说,一剪到底,长安三万里",BV1ze41167Vs,https://www.bilibili.com/video/BV1ze41167Vs
长安三万里,"<em class=""keyword"">长安三万里</em>-大唐女子图鉴",38416,2,302,一只雪梨SherryLynn,"唐朝,国漫,长安,美人,扬州,影视剪辑,追光动漫,长安三万里,循迹琵琶版,神仙剪刀手,影视神仙剪刀手",BV1pj411x7Xe,https://www.bilibili.com/video/BV1pj411x7Xe
长安三万里,"“人生短暂，知己难遇…”｜<em class=""keyword"">长安三万里</em>·李白和高适的神仙友谊",107013,117,4797,wink-烨,"电影,唐朝,国漫,李白,影视剪辑,追光动画,高适,神仙友谊,长安三万里,电影长安三万里,长安三万里大唐欢迎你",BV1SN411S7wR,https://www.bilibili.com/video/BV1SN411S7wR
长安三万里,"<em class=""keyword"">长安三万里</em>—王维",46868,3,105,君君杰睿,"电影,唐朝,国漫,长安,相思,影视剪辑,王维,长安三万里",BV1tg4y1w785,https://www.bilibili.com/video/BV1tg4y1w785
长安三万里,"&quot;古来圣贤皆寂寞，惟有饮者留其名&quot;—<em class=""keyword"">长安三万里</em>",11747,4,108,AGR星河,"原创,古风,混剪,影视剪辑,长安三万里",BV1AX4y1Y7rh,https://www.bilibili.com/video/BV1AX4y1Y7rh
长安三万里,"我本将心向明月·<em class=""keyword"">长安三万里</em>·高适X李白（这首歌真是太上头啦！）",31401,123,671,蘇小鱼爱喵喵,"古风,国漫,李白,影视剪辑,追光动画,高适,必剪创作,我本将心向明月,王朝1982,电影长安三万里,长安三万里大唐欢迎你",BV16M4y1j7a7,https://www.bilibili.com/video/BV16M4y1j7a7
长安三万里,"莫愁前路无知己【<em class=""keyword"">长安三万里</em>】×【别董大】",10455,0,111,泰山种豆徐霞客,"国漫,凤凰传奇,大唐,李白,混剪,知己,高适,追光,别董大,长安三万里",BV1i94y1B7Ly,https://www.bilibili.com/video/BV1i94y1B7Ly
长安三万里,"<em class=""keyword"">长安三万里</em> | 长安城中多的是怀才不遇",2361,0,26,cbskjchqucnzncic,"国漫,长安,李白,影视剪辑,高适,长安三万里,影视神仙剪刀手,神仙剪刀手6.0",BV1b3mZYBEtW,https://www.bilibili.com/video/BV1b3mZYBEtW
长安三万里,"“眼一闭心狂跳，我一跃万丈高！”【<em class=""keyword"">长安三万里</em>/李白/半山腰】",39613,3,1575,银河藏进蔷薇里,"古风,剪辑,李白,影视剪辑,长安三万里,长安三万里大唐欢迎你",BV1Jh4y1f7iW,https://www.bilibili.com/video/BV1Jh4y1f7iW
长安三万里,"&quot;古来圣贤皆寂寞，惟有饮者留其名&quot;—<em class=""keyword"">长安三万里</em>",11747,4,108,AGR星河,"原创,古风,混剪,影视剪辑,长安三万里",BV1AX4y1Y7rh,https://www.bilibili.com/video/BV1AX4y1Y7rh
长安三万里,"《<em class=""keyword"">长安三万里</em>》李白《将进酒》",43543,5,421,剧荒许愿池,"动画,动漫,古风,剪辑,国漫,长安,李白,影视剪辑,长安三万里,新剧好剧一起看,开启暑假的100种方式",BV1iP411z7YH,https://www.bilibili.com/video/BV1iP411z7YH
长安三万里,"诗在，<em class=""keyword"">长安</em>就在【<em class=""keyword"">长安三万里</em>】",9623,84,125,一只奇异绒,"国产,古风,大唐,李白,影视剪辑,追光,长安三万里,长安三万里大唐欢迎你",BV1FV411T7jm,https://www.bilibili.com/video/BV1FV411T7jm
长安三万里,"<em class=""keyword"">长安三万里</em>",82102,8,341,啊峰不摆烂,"国产,电影,电影剪辑,影视剪辑,长安三万里,电影长安三万里,长安三万里大唐欢迎你",BV1Gu4y1S7qb,https://www.bilibili.com/video/BV1Gu4y1S7qb
长安三万里,"<em class=""keyword"">长安三万里</em> | 长安城中多的是怀才不遇",2361,0,26,cbskjchqucnzncic,"国漫,长安,李白,影视剪辑,高适,长安三万里,影视神仙剪刀手,神仙剪刀手6.0",BV1b3mZYBEtW,https://www.bilibili.com/video/BV1b3mZYBEtW
长安三万里,"莫愁前路无知己【<em class=""keyword"">长安三万里</em>】×【别董大】",10455,0,111,泰山种豆徐霞客,"国漫,凤凰传奇,大唐,李白,混剪,知己,高适,追光,别董大,长安三万里",BV1i94y1B7Ly,https://www.bilibili.com/video/BV1i94y1B7Ly
长安三万里,"&quot;四舞演绎<em class=""keyword"">长安三万里</em>：大唐风貌重现&quot;",11008,0,47,翔哥翔翔翔,"舞蹈,电影,古风,中国风,大唐,必剪创作,长安三万里,这个MAD真厉害,动画嘉年华·2023夏梦群响",BV1p14y167wX,https://www.bilibili.com/video/BV1p14y167wX
长安三万里,"【<em class=""keyword"">长安三万里</em>×谪仙】看尽天下何人可似他无忧【李白】",33067,122,640,爱发光的菌子,"电影,古风,国漫,李白,唐诗,影视剪辑,谪仙,诗仙,长安三万里,电影长安三万里,长安三万里大唐欢迎你",BV1iX4y1a7Zq,https://www.bilibili.com/video/BV1iX4y1a7Zq
长安三万里,"<em class=""keyword"">长安三万里</em>",3690,0,27,尔月尔箓,"长安,电影剪辑,影视剪辑,长安三万里",BV11x4y167Xk,https://www.bilibili.com/video/BV11x4y167Xk
长安三万里,"&quot;四舞演绎<em class=""keyword"">长安三万里</em>：大唐风貌重现&quot;",11008,0,47,翔哥翔翔翔,"舞蹈,电影,古风,中国风,大唐,必剪创作,长安三万里,这个MAD真厉害,动画嘉年华·2023夏梦群响",BV1p14y167wX,https://www.bilibili.com/video/BV1p14y167wX
长安三万里,"&quot;莫愁前路无知己.  天上下谁人不识君&quot;我们的人生   能有几个人知己！！！《<em class=""keyword"">长安三万里</em>》",6056,0,37,枫叶S剪辑,"人生,知己,影视剪辑,天上,长安三万里",BV1ma4y1c7a9,https://www.bilibili.com/video/BV1ma4y1c7a9
长安三万里,"<em class=""keyword"">长安三万里</em> | 长安城中多的是怀才不遇",2361,0,26,cbskjchqucnzncic,"国漫,长安,李白,影视剪辑,高适,长安三万里,影视神仙剪刀手,神仙剪刀手6.0",BV1b3mZYBEtW,https://www.bilibili.com/video/BV1b3mZYBEtW
长安三万里,"<em class=""keyword"">长安三万里</em>！看了绝对不后悔！完整版！！",2166,0,1,账号已注销,"动漫,国产,电影,完整版,电影剪辑,影视剪辑,必剪创作,长安三万里,电影长安三万里,长安三万里大唐欢迎你",BV1GV4y1t7WP,https://www.bilibili.com/video/BV1GV4y1t7WP
长安三万里,"莫愁前路无知己【<em class=""keyword"">长安三万里</em>】×【别董大】",10455,0,111,泰山种豆徐霞客,"国漫,凤凰传奇,大唐,李白,混剪,知己,高适,追光,别董大,长安三万里",BV1i94y1B7Ly,https://www.bilibili.com/video/BV1i94y1B7Ly
长安三万里,"&quot;古来圣贤皆寂寞，惟有饮者留其名&quot;—<em class=""keyword"">长安三万里</em>",11747,4,108,AGR星河,"原创,古风,混剪,影视剪辑,长安三万里",BV1AX4y1Y7rh,https://www.bilibili.com/video/BV1AX4y1Y7rh
长安三万里,＂父亲壮年而逝，永远成为李白的遗憾＂,1043994,3,25645,三脚猫燃剪,"李白,遗憾,影视剪辑,长安三万里",BV1nh411P7tX,https://www.bilibili.com/video/BV1nh411P7tX
长安三万里,＂父亲壮年而逝，永远成为李白的遗憾＂,1043994,3,25645,三脚猫燃剪,"李白,遗憾,影视剪辑,长安三万里",BV1nh411P7tX,https://www.bilibili.com/video/BV1nh411P7tX
长安三万里,"【<em class=""keyword"">长安三万里</em>丨人物群像超燃混剪】",18320,3,456,南尘君,"人物,国漫,超燃,长安,高燃,群像,混剪,必剪创作,长安三万里,电影长安三万里,长安三万里大唐欢迎你",BV1bu4y1m7Qs,https://www.bilibili.com/video/BV1bu4y1m7Qs
长安三万里,"【<em class=""keyword"">长安三万里</em>】【李白】“轻舟已过万重山”",3243,0,25,我家有萌喵,"电影剪辑,李白,4K,live,长安三万里,音乐4K计划,4K画质挑战大赛",BV1ZhQ5YzEXj,https://www.bilibili.com/video/BV1ZhQ5YzEXj
长安三万里,"电影《<em class=""keyword"">长安三万里</em>》中出现的48首古诗合集，你会背几首？",170027,82,3397,雷探长没去过星巴克,"电影,长安,诗词,唐诗,古诗,影视剪辑,长安三万里,长安三万里大唐欢迎你",BV1yN411S7RH,https://www.bilibili.com/video/BV1yN411S7RH
长安三万里,"【周深浮光X<em class=""keyword"">长安三万里</em>】人生三万天，<em class=""keyword"">长安三万里</em>",5689,4,103,剪剪剪剪剪你个头,"剪辑,影视剪辑,周深,浮光,长安三万里,影视神仙剪刀手,神仙剪刀手2.0",BV1Pp4y1R7eF,https://www.bilibili.com/video/BV1Pp4y1R7eF
长安三万里,"华流才是真顶流！东方美学就是坠吊的！<em class=""keyword"">长安三万里</em>×水龙吟",175781,117,2365,一只加油鸭の,"国漫,影视剪辑,东方美学,追光,长安三万里,长安三万里大唐欢迎你",BV1E14y1d7qX,https://www.bilibili.com/video/BV1E14y1d7qX
长安三万里,"这三支舞看完之后，你就会明白大唐的绚美之处～电影<em class=""keyword"">长安三万里</em>",15067,3,153,翔哥翔翔翔,"舞蹈,古风,中国风,大唐,长安三万里,这个MAD真厉害,动画嘉年华·2023夏梦群响",BV16h4y1j7mo,https://www.bilibili.com/video/BV16h4y1j7mo
长安三万里,追光NB!!!李白好像从唐诗里走了出来！极致的诗意美学每一帧都是大唐独有的浪漫！！,388613,362,2469,我不困你们睡ba,"唯美,大唐,美学,李白,诗意,影视剪辑,高适,追光,长安三万里,长安三万里大唐欢迎你",BV1a8411D7v1,https://www.bilibili.com/video/BV1a8411D7v1
长安三万里,追光NB!!!李白好像从唐诗里走了出来！极致的诗意美学每一帧都是大唐独有的浪漫！！,388613,362,2469,我不困你们睡ba,"唯美,大唐,美学,李白,诗意,影视剪辑,高适,追光,长安三万里,长安三万里大唐欢迎你",BV1a8411D7v1,https://www.bilibili.com/video/BV1a8411D7v1
长安三万里,“我李白的才华 抵着上一万个相识 一亿个情谊”,1674857,50,62997,三脚猫燃剪,"剪辑,李白,影视剪辑,情谊,才华,长安三万里",BV1EX4y147FY,https://www.bilibili.com/video/BV1EX4y147FY
长安三万里,"【<em class=""keyword"">长安三万里</em>】“你我正值这盛世！当为大鹏！”",22946,7,324,Disney的莎娜儿,"电影,剪辑,长安三万里,神仙剪刀手,影视神仙剪刀手",BV11z4y1G7tT,https://www.bilibili.com/video/BV11z4y1G7tT
长安三万里,"“天下事无所不难，我李白要做就要做最难的事！”【<em class=""keyword"">长安三万里</em>】",20570,31,219,CD猪皮,"国漫,长安,诗词,李白,将进酒,唐诗,影视剪辑,高适,追光,长安三万里",BV1TN4y1e7FY,https://www.bilibili.com/video/BV1TN4y1e7FY
长安三万里,"〖水龙吟/<em class=""keyword"">长安三万里</em>〗汉家烟尘在东北，汉将辞家破残贼",25182,7,324,踹那什么来着-_-,"剪辑,唐朝,李白,影视剪辑,水龙吟,高适,长安三万里",BV1mV4y1v7zg,https://www.bilibili.com/video/BV1mV4y1v7zg
长安三万里,杜甫高适20多年后再相见，第一件事竟然是去追星李白,300245,85,2146,毛豆酱の,"电影,杜甫,唐朝,李白,影视剪辑,相见,长安三万里",BV1iu411a7C2,https://www.bilibili.com/video/BV1iu411a7C2
长安三万里,"&quot;莫愁前路无知己.  天上下谁人不识君&quot;我们的人生   能有几个人知己！！！《<em class=""keyword"">长安三万里</em>》",6056,0,37,枫叶S剪辑,"人生,知己,影视剪辑,天上,长安三万里",BV1ma4y1c7a9,https://www.bilibili.com/video/BV1ma4y1c7a9
长安三万里,"看完《<em class=""keyword"">长安三万里</em>》后果断回来加上霄磊的《莫问少年狂》一起剪了个混剪！一秒带你回大唐！",279,0,1,听云阁-霄磊个站,"混剪,长安三万里",BV1yX4y177TH,https://www.bilibili.com/video/BV1yX4y177TH
长安三万里,"你我身当如此盛世，当为大鹏-《<em class=""keyword"">长安三万里</em>》-李白",17581,4,153,大鹅塔塔开,"长安,大鹏,李白,混剪,长安三万里",BV1c6421M7jJ,https://www.bilibili.com/video/BV1c6421M7jJ
长安三万里,"〖水龙吟/<em class=""keyword"">长安三万里</em>〗汉家烟尘在东北，汉将辞家破残贼",25182,7,324,踹那什么来着-_-,"剪辑,唐朝,李白,影视剪辑,水龙吟,高适,长安三万里",BV1mV4y1v7zg,https://www.bilibili.com/video/BV1mV4y1v7zg
长安三万里,"“天下事无所不难，我李白要做就要做最难的事！”【<em class=""keyword"">长安三万里</em>】",20570,31,219,CD猪皮,"国漫,长安,诗词,李白,将进酒,唐诗,影视剪辑,高适,追光,长安三万里",BV1TN4y1e7FY,https://www.bilibili.com/video/BV1TN4y1e7FY
长安三万里,"《<em class=""keyword"">长安三万里</em>》完整1080P",4349,7,0,伍运昊1225,"完整,1080P,完整版,唐朝,电视剧,影视剪辑,长安三万里,2023最新",BV19X4y177tv,https://www.bilibili.com/video/BV19X4y177tv
长安三万里,"世上疮痍，诗中圣哲；民间疾苦，笔底波澜 ——【<em class=""keyword"">长安三万里</em>】",12535,3,190,那菈剪辑,"国产,杜甫,动画电影,电影剪辑,李白,影视剪辑,长安三万里,长安三万里大唐欢迎你",BV1bP411k7hv,https://www.bilibili.com/video/BV1bP411k7hv
长安三万里,"把李白的《行路难》唱出来，风格和<em class=""keyword"">长安三万里</em>太搭了！",68692,34,1331,陆游的迷弟华石,"古风,国漫,国产电影,李白,唐诗,混剪,古诗词,行路难,长安三万里,电影长安三万里,长安三万里大唐欢迎你",BV17z4y1x7hY,https://www.bilibili.com/video/BV17z4y1x7hY
长安三万里,"很难想象究竟是怎么一个朝代，能诞生这么多诗人，又能写出那么多好的诗来！<em class=""keyword"">长安三万里</em>",91102,2,3649,刘北魚,"杜甫,李白,影视剪辑,长安三万里,动画电影《长安三万里》值得一看吗？",BV1Xh4y1j7yo,https://www.bilibili.com/video/BV1Xh4y1j7yo
长安三万里,"河图《白马入芦花》和电影《<em class=""keyword"">长安三万里</em>》剪辑",3892,3,53,少闲人如吾耳,"古风,剪辑,河图,白马,视频剪辑,芦花,长安三万里",BV1Ey4y1P73N,https://www.bilibili.com/video/BV1Ey4y1P73N
长安三万里,"<em class=""keyword"">长安三万里</em>1080p完整版",9759,0,0,账号已注销,"国产,1080P,唐朝,影视剪辑,长安三万里",BV118411S7d7,https://www.bilibili.com/video/BV118411S7d7
长安三万里,"【<em class=""keyword"">长安三万里</em>/李白】“五花马，千金裘，呼儿将出换美酒，与尔同销万古愁”",16238,2,94,纸鸢歉丝线,"古风,唐朝,长安,李白,影视剪辑,美酒,必剪创作,长安三万里,暑期国漫打卡计划",BV1yP411e7YM,https://www.bilibili.com/video/BV1yP411e7YM
长安三万里,"【<em class=""keyword"">长安三万里</em>】诗词混剪—“我有了一首诗，我要给大家，以诗助兴”",200950,589,4500,卿云有点困,"古风,国漫,李白,唐诗,影视剪辑,古风混剪,长安三万里,神仙剪刀手,影视神仙剪刀手",BV1Gg4y197k8,https://www.bilibili.com/video/BV1Gg4y197k8
长安三万里,"【<em class=""keyword"">长安三万里</em>/李白】“五花马，千金裘，呼儿将出换美酒，与尔同销万古愁”",16238,2,94,纸鸢歉丝线,"古风,唐朝,长安,李白,影视剪辑,美酒,必剪创作,长安三万里,暑期国漫打卡计划",BV1yP411e7YM,https://www.bilibili.com/video/BV1yP411e7YM
长安三万里,"《<em class=""keyword"">长安三万里</em>》的诗人们，现实中都长什么样？",98859,39,261,超能苏,"杜甫,长安,李白,影视剪辑,高适,长安三万里",BV1T14y1673L,https://www.bilibili.com/video/BV1T14y1673L
长安三万里,"李白不愧是大唐顶流，他还会弹琴唱歌给你听｜<em class=""keyword"">长安三万里</em>",3792,0,28,兰若寺小妖,"古风,唐朝,李白,古琴,影视剪辑,必剪创作,长安三万里",BV1pP411k7m3,https://www.bilibili.com/video/BV1pP411k7m3
长安三万里,"<em class=""keyword"">长安三万里</em>混剪",19247,1,372,一架想飞上天的A350,"电影剪辑,混剪,长安三万里",BV1eP411z76W,https://www.bilibili.com/video/BV1eP411z76W
长安三万里,"<em class=""keyword"">长安三万里</em>",128,0,2,小朴仔解说,"混剪,长安三万里",BV1ww4m197y3,https://www.bilibili.com/video/BV1ww4m197y3
长安三万里,"<em class=""keyword"">长安三万里</em>混剪",19247,1,372,一架想飞上天的A350,"电影剪辑,混剪,长安三万里",BV1eP411z76W,https://www.bilibili.com/video/BV1eP411z76W
长安三万里,"【<em class=""keyword"">长安三万里</em>】“我忽然开始疯狂想念，故事里的<em class=""keyword"">长安</em>。”<em class=""keyword"">长安</em>，<em class=""keyword"">长安</em>，不见<em class=""keyword"">长安</em>。",30705,23,522,梦枕星海月下河,"动画,电影,河图,影视剪辑,不见长安,国创,长安三万里,神仙剪刀手,影视神仙剪刀手",BV1bp4y1c7b1,https://www.bilibili.com/video/BV1bp4y1c7b1
长安三万里,"《<em class=""keyword"">长安三万里</em>》李白剪辑",6371,0,71,新月_青,"国漫,电影剪辑,电影长安三万里",BV1Cn2LYqEp8,https://www.bilibili.com/video/BV1Cn2LYqEp8
长安三万里,"《<em class=""keyword"">长安三万里</em>》李白剪辑",6371,0,71,新月_青,"国漫,电影剪辑,电影长安三万里",BV1Cn2LYqEp8,https://www.bilibili.com/video/BV1Cn2LYqEp8
长安三万里,"<em class=""keyword"">长安三万里</em>混剪",19247,1,372,一架想飞上天的A350,"电影剪辑,混剪,长安三万里",BV1eP411z76W,https://www.bilibili.com/video/BV1eP411z76W
长安三万里,"没有一个成年人能笑着走出《<em class=""keyword"">长安三万里</em>》",141072,186,870,一万个零的歪老板,"电影,长安,影视剪辑,长安三万里,电影长安三万里,长安三万里大唐欢迎你",BV1694y1e7yp,https://www.bilibili.com/video/BV1694y1e7yp
长安三万里,"没有一个成年人能笑着走出《<em class=""keyword"">长安三万里</em>》",141072,186,870,一万个零的歪老板,"电影,长安,影视剪辑,长安三万里,电影长安三万里,长安三万里大唐欢迎你",BV1694y1e7yp,https://www.bilibili.com/video/BV1694y1e7yp
长安三万里,"“放荡齐赵间，裘马颇清狂”【<em class=""keyword"">长安三万里</em>】×【壮游】",3274,5,59,泰山种豆徐霞客,"电影,国漫,凤凰传奇,大唐,混剪,电影混剪,影视剪辑,追光,长安三万里",BV1t8411U7Md,https://www.bilibili.com/video/BV1t8411U7Md
长安三万里,"没有一个成年人能笑着走出《<em class=""keyword"">长安三万里</em>》",141072,186,870,一万个零的歪老板,"电影,长安,影视剪辑,长安三万里,电影长安三万里,长安三万里大唐欢迎你",BV1694y1e7yp,https://www.bilibili.com/video/BV1694y1e7yp
长安三万里,"【<em class=""keyword"">长安三万里</em>】大唐万象",9413,0,164,口十为叶,"大唐,影视剪辑,长安三万里",BV16i4y1h7Yv,https://www.bilibili.com/video/BV16i4y1h7Yv
长安三万里,"【李白×高适】后来，他一直在诗中寻你，<em class=""keyword"">长安三万里</em>。",31514,166,427,英缘木,"感人,友情,李白,影视剪辑,高适,长安三万里,长安三万里大唐欢迎你",BV1TF41197V9,https://www.bilibili.com/video/BV1TF41197V9
长安三万里,"【<em class=""keyword"">长安三万里</em>】大唐万象",9413,0,164,口十为叶,"大唐,影视剪辑,长安三万里",BV16i4y1h7Yv,https://www.bilibili.com/video/BV16i4y1h7Yv
长安三万里,"电影<em class=""keyword"">长安三万里</em>抢先版",72041,12,707,倾颜墨安,"配音,国漫,动画短片,李白,混剪,唐代,高适,长安三万里,电影长安三万里",BV13N411r76Q,https://www.bilibili.com/video/BV13N411r76Q
长安三万里,杜甫居然是李白的头号粉丝,5043353,67,114995,三脚猫燃剪,"杜甫,剪辑,李白,影视剪辑,长安三万里",BV1ss4y1y74Z,https://www.bilibili.com/video/BV1ss4y1y74Z
长安三万里,"“只要诗在 <em class=""keyword"">长安</em>就会在”#电影<em class=""keyword"">长安三万里</em>",2831135,9,94296,三脚猫燃剪,"国产电影,电影剪辑,影视剪辑,长安三万里",BV1Zk4y1T71q,https://www.bilibili.com/video/BV1Zk4y1T71q
长安三万里,我敢说，90%的国人根本不了解李白,8918945,3857,157503,布衣探案,"中国,文化,中国风,唐朝,李白,影视剪辑,高适,追光,长安三万里,电影长安三万里,长安三万里大唐欢迎你",BV1WV4y187CK,https://www.bilibili.com/video/BV1WV4y187CK
长安三万里,"4k收藏｜李云霄｜<em class=""keyword"">长安三万里</em>",665,1,25,青春怎能软绵绵,"合集,古风,古装,影视剪辑,音乐现场,李云霄,长安三万里,2024影娱亿点好活",BV1mqcXeHEVo,https://www.bilibili.com/video/BV1mqcXeHEVo
长安三万里,"<em class=""keyword"">长安三万里</em>中的诗词",40060,18,790,黑科技老六,"经典电影,诗词,影视剪辑,长安三万里,神仙剪刀手,影视神仙剪刀手",BV1iy4y1w7TB,https://www.bilibili.com/video/BV1iy4y1w7TB
长安三万里,"<em class=""keyword"">长安三万里</em>诗词混剪",9663,2,112,WU--PF,"动漫,古风,长安,诗词,混剪,影视剪辑,长安三万里,电影长安三万里,长安三万里大唐欢迎你",BV1zk4y1K7EX,https://www.bilibili.com/video/BV1zk4y1K7EX
长安三万里,"【<em class=""keyword"">长安三万里</em>|一程山路】一叶曲折过后，又一道坎坷",5662,1,81,韩谒雨,"李白,影视剪辑,高适,一程山路,长安三万里,神仙剪刀手,影视神仙剪刀手",BV1jp4y1T7mn,https://www.bilibili.com/video/BV1jp4y1T7mn
长安三万里,"<em class=""keyword"">长安三万里</em>·高燃盛唐 | “你我生当如此盛世，当为大鹏！” | 李白×高适",18397,103,175,生活造梦家,"唐朝,动画电影,国漫,电影剪辑,李白,影视剪辑,高适,追光,长安三万里,长安三万里大唐欢迎你",BV1oh4y17738,https://www.bilibili.com/video/BV1oh4y17738
长安三万里,"<em class=""keyword"">长安</em>少年游侠客【<em class=""keyword"">长安三万里</em>】×【少年行】",949,0,8,泰山种豆徐霞客,"国漫,电影剪辑,混剪,少年行,侠客,高适,追光,长安三万里,裴十二",BV1Jh4y127GG,https://www.bilibili.com/video/BV1Jh4y127GG
长安三万里,"《<em class=""keyword"">长安三万里</em>》，我就喜欢这种能学习知识的国漫。",1906,0,7,天蚊星,"动漫,国漫,影视剪辑,长安三万里",BV1zc411u77w,https://www.bilibili.com/video/BV1zc411u77w
长安三万里,"【05来辣reaction】当05后看追光动画《<em class=""keyword"">长安三万里</em>》（唐由盛至衰李白&amp;高适自年少相识至暮年跌宕起伏的人生和诗词之美太适合给孩子看了）",45758,110,137,零五来辣,"诗词,李白,影视剪辑,追光动画,REACTION,05后,高适,长安三万里,娱乐吃瓜大会,娱乐吃瓜大会7.0",BV14Z1VY6Eht,https://www.bilibili.com/video/BV14Z1VY6Eht
长安三万里,"【<em class=""keyword"">长安三万里</em>&amp;徐梦圆】莫愁前路无知己，人生，又能有几知己？",643,0,2,ZEKIi1,"人生,国漫,电视剧,李白,唐诗,混剪,影视剪辑,徐梦圆,长安三万里,影视神仙剪刀手,神仙剪刀手6.0",BV1r6qaYxEVf,https://www.bilibili.com/video/BV1r6qaYxEVf
长安三万里,"【mlp】【<em class=""keyword"">长安三万里</em>裴十二】可惜……我是名女子……",11481,3,159,苍筤筤筤狼,"绘画,同人,古风,绘画过程,设计,小马宝莉,画画的日常,必剪创作,长安三万里,裴十二,2024bilibili迎春会",BV1ra4y187s3,https://www.bilibili.com/video/BV1ra4y187s3
长安三万里,"【<em class=""keyword"">长安三万里</em>】云想衣裳 花想容",39883,11,108,风终意难平,"古风,中国风,剪辑,国漫,长安,李白,影视剪辑,长安三万里,新剧好剧一起看,全能追星企划",BV13j411Q7Ue,https://www.bilibili.com/video/BV13j411Q7Ue
长安三万里,"电影<em class=""keyword"">长安三万里</em> 随鼓起舞，现场氛围感直接拉满！",31041,5,322,翔哥翔翔翔,"舞蹈,电影,古风,李白,氛围感,必剪创作,长安三万里,这个MAD真厉害,动画嘉年华·2023夏梦群响",BV1d8411D7rU,https://www.bilibili.com/video/BV1d8411D7rU
长安三万里,"《<em class=""keyword"">长安三万里</em>》电影二维水墨图！绝美！！！",560,19,15,贰洁2222,"电影,古风,国漫,国风,影视剪辑,安利向,中国式浪漫,追光,长安三万里,热点娱乐资讯速报",BV1Mm4y1E7df,https://www.bilibili.com/video/BV1Mm4y1E7df
长安三万里,"【<em class=""keyword"">长安三万里</em>】论李白和迪士尼公主的适配程度",46263,11,343,桃呀淘呀萄,"公主,迪士尼,动画电影,李白,迪士尼公主,影视剪辑,长安三万里,电影长安三万里,长安三万里大唐欢迎你",BV1s8411S7Ua,https://www.bilibili.com/video/BV1s8411S7Ua
长安三万里,"<em class=""keyword"">长安三万里</em>中的念诗名场面",2774,0,30,账号已注销,"电影,长安,名场面,影视剪辑,台词向,#新人,#热门,长安三万里",BV1zN4y117D2,https://www.bilibili.com/video/BV1zN4y117D2
长安三万里,"#电影<em class=""keyword"">长安三万里</em> 这首《采莲曲》又撩动过多少人的心呢？ #李白",2660,0,31,翔哥翔翔翔,"国产动画,长安,李白,长安三万里,这个MAD真厉害,动画嘉年华·2023夏梦群响",BV1EN411a7UN,https://www.bilibili.com/video/BV1EN411a7UN
长安三万里,"【手书｜<em class=""keyword"">长安三万里</em>｜高适个人向】《贵人》",11585,8,486,醉打诸神诗百篇,"手书,同人,贵人,高适,回春丹,动画短片群星计划,长安三万里",BV15M4y1x7uP,https://www.bilibili.com/video/BV15M4y1x7uP
长安三万里,"【<em class=""keyword"">长安三万里</em>】“天生我才必有用，千金散尽还复来！”这是独属中国人的浪漫！！！",19531,236,215,秋叶问归丶,"MAD,AMV,古风,国漫,李白,MAD.AMV,高适,必剪创作,长安三万里,电影长安三万里,长安三万里大唐欢迎你",BV1uN411e7wT,https://www.bilibili.com/video/BV1uN411e7wT
长安三万里,"【离谱周报】新妲己塌房？<em class=""keyword"">长安三万里</em>咋老道歉？",335935,1404,1172,四毛的干爹,"吐槽,剪辑,封神,木兰,妲己,影评杂谈,长安三万里,娜然,影视有好瓜,影视热点叨叨大会",BV1xP411p7a5,https://www.bilibili.com/video/BV1xP411p7a5
长安三万里,"【<em class=""keyword"">长安三万里</em>】我同时跟八个男（？）的结婚",13220,50,118,言恕言悉,"杜甫,长安,李白,影视剪辑,八个,王维,高适,长安三万里,电影长安三万里",BV1QW4y1f7eM,https://www.bilibili.com/video/BV1QW4y1f7eM
长安三万里,"<em class=""keyword"">长安三万里</em>：只要诗在，书在，<em class=""keyword"">长安</em>就会在！“天生我材必有用，千金散尽还复来”“莫愁前路无知己，天下谁人不识君”哈哈哈……",2335,0,22,远远不能啊,"杜甫,唐朝,超燃,长安,动漫推荐,李白,混剪,影视剪辑,高适,长安三万里",BV1viNgeoEVG,https://www.bilibili.com/video/BV1viNgeoEVG
长安三万里,"<em class=""keyword"">长安三万里</em>    李白  天生我材必有用",764,0,12,薛辞剪,"影视剪辑,长安三万里,BGM混剪大赛,音乐玩家招募令2.0",BV1fX4y1t7Sy,https://www.bilibili.com/video/BV1fX4y1t7Sy
长安三万里,"<em class=""keyword"">长安三万里</em>混剪",178,0,0,yueqin1202,"长安,混剪,影视剪辑,必剪创作,长安三万里,2025高考季",BV1xj83zKECz,https://www.bilibili.com/video/BV1xj83zKECz
长安三万里,"【<em class=""keyword"">长安三万里</em>】高适！赵客缦胡缨，吴钩霜雪明。——李白",3778,1,24,森林雾草,"电影,长安,古装,李白,影视剪辑,高适,必剪创作,长安三万里,心动的动漫",BV14G41197nf,https://www.bilibili.com/video/BV14G41197nf
长安三万里,"1080P《<em class=""keyword"">长安三万里</em>》视频原声，三分钟带你尽看李白与高适。",26819,209,282,蝶飞檐落,"杜甫,国漫,李白,影视剪辑,高适,必剪创作,长安三万里,影视有好瓜,新片新剧产粮大赛",BV1qu4y1e79C,https://www.bilibili.com/video/BV1qu4y1e79C
长安三万里,"<em class=""keyword"">长安三万里</em>：程公公被高适征服了！",5252,2,24,红尘火鸡,"电影,征服,长安,李白,公公,影视剪辑,高适,必剪创作,长安三万里,人人都能聊影视",BV1b1421D7q5,https://www.bilibili.com/video/BV1b1421D7q5
长安三万里,"【长安三万里】“他是天上<em class=""keyword"">谪仙人</em>，我不过一凡尘俗子”",3171,0,44,在线作法不秃头,"古风,剪辑,长安,古装,影视剪辑,长安三万里",BV16gmLYMEeq,https://www.bilibili.com/video/BV16gmLYMEeq
长安三万里,"【长安三万里｜寻常歌】“你是<em class=""keyword"">谪仙人</em>，要回天上；我是世间人，我在世间盘桓。”",13502,105,391,火龙果酒吨吨吨,"古风,剪辑,国漫,长安,李白,混剪,影视剪辑,高适,长安三万里,电影长安三万里",BV1Q94y1C74k,https://www.bilibili.com/video/BV1Q94y1C74k
长安三万里,"【长安三万里｜寻常歌】“你是<em class=""keyword"">谪仙人</em>，要回天上；我是世间人，我在世间盘桓。”",13502,105,391,火龙果酒吨吨吨,"古风,剪辑,国漫,长安,李白,混剪,影视剪辑,高适,长安三万里,电影长安三万里",BV1Q94y1C74k,https://www.bilibili.com/video/BV1Q94y1C74k
长安三万里,"【长安三万里｜寻常歌】“你是<em class=""keyword"">谪仙人</em>，要回天上；我是世间人，我在世间盘桓。”",13502,105,391,火龙果酒吨吨吨,"古风,剪辑,国漫,长安,李白,混剪,影视剪辑,高适,长安三万里,电影长安三万里",BV1Q94y1C74k,https://www.bilibili.com/video/BV1Q94y1C74k
长安三万里,"【长安三万里｜寻常歌】“你是<em class=""keyword"">谪仙人</em>，要回天上；我是世间人，我在世间盘桓。”",13502,105,391,火龙果酒吨吨吨,"古风,剪辑,国漫,长安,李白,混剪,影视剪辑,高适,长安三万里,电影长安三万里",BV1Q94y1C74k,https://www.bilibili.com/video/BV1Q94y1C74k
长安三万里,"【成仙|李白】他是<em class=""keyword"">谪仙人</em>，应当回天上去",107,0,1,绍齐齐,"国漫,电视剧,成仙,李白,影视剪辑,长安三万里",BV1zTbfz9E2k,https://www.bilibili.com/video/BV1zTbfz9E2k
长安三万里,"长安三万里｜李白｜“你是<em class=""keyword"">谪仙人</em>，要回天上。我是世间人，我在世间盘桓”",1446,0,13,IreneAlieen,"剪辑,李白,影视剪辑,长安三万里",BV16g4y1Z789,https://www.bilibili.com/video/BV16g4y1Z789
长安三万里,"【长安三万里|李白<em class=""keyword"">高适</em>友情向同人手书】City Of Stars",95033,171,7493,叶桦耶,"手书,李白,历史同人,高适,长安三万里",BV1oN411h7zZ,https://www.bilibili.com/video/BV1oN411h7zZ
长安三万里,"我本将心向明月·长安三万里·<em class=""keyword"">高适</em>X李白（这首歌真是太上头啦！）",31401,123,671,蘇小鱼爱喵喵,"古风,国漫,李白,影视剪辑,追光动画,高适,必剪创作,我本将心向明月,王朝1982,电影长安三万里,长安三万里大唐欢迎你",BV16M4y1j7a7,https://www.bilibili.com/video/BV16M4y1j7a7
长安三万里,"【长安三万里·浮光】“在下李白”“在下<em class=""keyword"">高适</em>”",85270,150,2139,子落无悔,"动画,电影,剪辑,长安,电影剪辑,李白,影视剪辑,浮光,最强安利王,长安三万里,混剪安利大作战",BV17w411e7Z2,https://www.bilibili.com/video/BV17w411e7Z2
长安三万里,"<em class=""keyword"">高适</em>:半生潦倒，半生逆袭",118562,28,655,木塔影视剪辑,"电影,逆袭,混剪,影视剪辑,高适,长安三万里,秋季创作打卡",BV1Bh4y1z7L1,https://www.bilibili.com/video/BV1Bh4y1z7L1
长安三万里,"【长安三万里·浮光】“在下李白”“在下<em class=""keyword"">高适</em>”",85270,150,2139,子落无悔,"动画,电影,剪辑,长安,电影剪辑,李白,影视剪辑,浮光,最强安利王,长安三万里,混剪安利大作战",BV17w411e7Z2,https://www.bilibili.com/video/BV17w411e7Z2
长安三万里,"【手书｜长安三万里｜<em class=""keyword"">高适</em>个人向】《贵人》",11585,8,486,醉打诸神诗百篇,"手书,同人,贵人,高适,回春丹,动画短片群星计划,长安三万里",BV15M4y1x7uP,https://www.bilibili.com/video/BV15M4y1x7uP
长安三万里,【长安三万里·象王行】“大鹏一日同风起，扶摇直上九万里”,20184,7,237,子落无悔,"动画,古风,电影剪辑,李白,混剪,影视剪辑,高适,象王行,长安三万里,神仙剪刀手,影视神仙剪刀手",BV19u4y1a7if,https://www.bilibili.com/video/BV19u4y1a7if
长安三万里,《长安三万里》|“我本桀骜少年臣，不信鬼神不信人”,515200,317,8830,福克纳ai,"杜甫,少年,长安,李白,混剪,影视剪辑,高适,让酒,长安三万里,我在B站看动画节",BV1614y1z7yr,https://www.bilibili.com/video/BV1614y1z7yr
长安三万里,【长安三万里】一口气看完！跨越山海 邀您共赏长安！,493165,1675,4771,爱做梦の小谭,"动画电影,电影剪辑,李白,将进酒,一口气看完,高适,必剪创作,寻仙问道,长安三万里,新剧好剧一起看,e人i人的度假方式",BV1NC4y1d7iy,https://www.bilibili.com/video/BV1NC4y1d7iy
长安三万里,"“人生短暂，知己难遇…”｜长安三万里·李白和<em class=""keyword"">高适</em>的神仙友谊",107013,117,4797,wink-烨,"电影,唐朝,国漫,李白,影视剪辑,追光动画,高适,神仙友谊,长安三万里,电影长安三万里,长安三万里大唐欢迎你",BV1SN411S7wR,https://www.bilibili.com/video/BV1SN411S7wR
长安三万里,"【长安三万里|<em class=""keyword"">高适</em>】老天总是会给默默努力的人留有机会！",18353,2,192,金秋栗子,"电影,唐朝,国漫,长安,李白,影视剪辑,高适,悬溺,长安三万里,影视神仙剪刀手,神仙剪刀手2.0",BV1SK4y1z7Ex,https://www.bilibili.com/video/BV1SK4y1z7Ex
长安三万里,"【长安三万里】【<em class=""keyword"">高适</em>中心向武将打戏混剪】新·定军山 | 少年郎 日月星辰染白发 赴战场 任它风霜雪满身",8146,111,233,那个琥珀,"战场,国漫,李白,群像,混剪,武将,打戏,高适,电影长安三万里,长安三万里大唐欢迎你",BV1j94y1q7iH,https://www.bilibili.com/video/BV1j94y1q7iH
长安三万里,【长安三万里|一程山路】一叶曲折过后，又一道坎坷,5662,1,81,韩谒雨,"李白,影视剪辑,高适,一程山路,长安三万里,神仙剪刀手,影视神仙剪刀手",BV1jp4y1T7mn,https://www.bilibili.com/video/BV1jp4y1T7mn
长安三万里,"长安三万里·高燃盛唐 | “你我生当如此盛世，当为大鹏！” | 李白×<em class=""keyword"">高适</em>",18397,103,175,生活造梦家,"唐朝,动画电影,国漫,电影剪辑,李白,影视剪辑,高适,追光,长安三万里,长安三万里大唐欢迎你",BV1oh4y17738,https://www.bilibili.com/video/BV1oh4y17738
长安三万里,【长安三万里|一程山路】一叶曲折过后，又一道坎坷,5662,1,81,韩谒雨,"李白,影视剪辑,高适,一程山路,长安三万里,神仙剪刀手,影视神仙剪刀手",BV1jp4y1T7mn,https://www.bilibili.com/video/BV1jp4y1T7mn
长安三万里,"“相扑”的最高境界就是骗过对手甚至自己，<em class=""keyword"">高适</em>他做到了！",1911,32,15,叶子TALE,"相扑,长安,李白,影视剪辑,高适,必剪创作,长安三万里,十月创作打卡",BV1v84y117Vh,https://www.bilibili.com/video/BV1v84y117Vh
长安三万里,"究竟怎样的朝代能同时生出李白，杜甫，<em class=""keyword"">高适</em>，王维…",39537,245,385,小好香菜,"历史,中国,文化,杜甫,李白,影视剪辑,王维,高适,大唐长安,电影长安三万里,长安三万里大唐欢迎你",BV1L94y1B744,https://www.bilibili.com/video/BV1L94y1B744
长安三万里,【长安三万里｜寻常歌】“你是谪仙人，要回天上；我是世间人，我在世间盘桓。”,13502,105,391,火龙果酒吨吨吨,"古风,剪辑,国漫,长安,李白,混剪,影视剪辑,高适,长安三万里,电影长安三万里",BV1Q94y1C74k,https://www.bilibili.com/video/BV1Q94y1C74k
长安三万里,这俩适配度也太高了吧！！〖长安三万里×浮光 周深〗人生不过恍惚三万天,3026,13,57,Salzzz,"李白,混剪,影视剪辑,周深,高适,浮光,长安三万里,影视神仙剪刀手,神仙剪刀手2.0",BV1Qw411J7FJ,https://www.bilibili.com/video/BV1Qw411J7FJ
长安三万里,我敢说，90%的国人根本不了解李白,8918945,3857,157503,布衣探案,"中国,文化,中国风,唐朝,李白,影视剪辑,高适,追光,长安三万里,电影长安三万里,长安三万里大唐欢迎你",BV1WV4y187CK,https://www.bilibili.com/video/BV1WV4y187CK
长安三万里,"有一种友情，叫做李白和<em class=""keyword"">高适</em>",2915,1,9,宝哥电影,"电影,李白,影视剪辑,长安三万里",BV1YC4y1d7hi,https://www.bilibili.com/video/BV1YC4y1d7hi
长安三万里,"谁不爱暮年将军！王劲松速速去演<em class=""keyword"">高适</em>！“银鞍照白马，飒沓如流星。”｜长安三万里",7088,113,153,EGG诗,"混剪,王劲松,高适,松临,长安三万里",BV1Q841117kt,https://www.bilibili.com/video/BV1Q841117kt
长安三万里,"谁不爱暮年将军！王劲松速速去演<em class=""keyword"">高适</em>！“银鞍照白马，飒沓如流星。”｜长安三万里",7088,113,153,EGG诗,"混剪,王劲松,高适,松临,长安三万里",BV1Q841117kt,https://www.bilibili.com/video/BV1Q841117kt
长安三万里,【长安三万里】“天生我才必有用，千金散尽还复来！”这是独属中国人的浪漫！！！,19531,236,215,秋叶问归丶,"MAD,AMV,古风,国漫,李白,MAD.AMV,高适,必剪创作,长安三万里,电影长安三万里,长安三万里大唐欢迎你",BV1uN411e7wT,https://www.bilibili.com/video/BV1uN411e7wT
长安三万里,"长安三万里：程公公被<em class=""keyword"">高适</em>征服了！",5252,2,24,红尘火鸡,"电影,征服,长安,李白,公公,影视剪辑,高适,必剪创作,长安三万里,人人都能聊影视",BV1b1421D7q5,https://www.bilibili.com/video/BV1b1421D7q5
长安三万里,长安三万里 | 长安城中多的是怀才不遇,2361,0,26,cbskjchqucnzncic,"国漫,长安,李白,影视剪辑,高适,长安三万里,影视神仙剪刀手,神仙剪刀手6.0",BV1b3mZYBEtW,https://www.bilibili.com/video/BV1b3mZYBEtW
长安三万里,"[长安三万里]<em class=""keyword"">高适</em>：年少时不能遇见太惊艳的人",8859,109,12,冰冰很凉,"唐朝,李白,影视剪辑,高适,必剪创作,长安三万里,新剧好剧一起看,开启暑假的100种方式",BV1PX4y1Y7t8,https://www.bilibili.com/video/BV1PX4y1Y7t8
长安三万里,"长安三万里：程公公被<em class=""keyword"">高适</em>征服了！",5252,2,24,红尘火鸡,"电影,征服,长安,李白,公公,影视剪辑,高适,必剪创作,长安三万里,人人都能聊影视",BV1b1421D7q5,https://www.bilibili.com/video/BV1b1421D7q5
长安三万里,长安三万里 | 长安城中多的是怀才不遇,2361,0,26,cbskjchqucnzncic,"国漫,长安,李白,影视剪辑,高适,长安三万里,影视神仙剪刀手,神仙剪刀手6.0",BV1b3mZYBEtW,https://www.bilibili.com/video/BV1b3mZYBEtW
长安三万里,"此生皆欢喜——长安三万里，李白<em class=""keyword"">高适</em>友情向",267,0,1,慕容宸轩,"友情,李白,影视剪辑,姚政,高适,长安三万里",BV1pG411q7wu,https://www.bilibili.com/video/BV1pG411q7wu
长安三万里,"【长安三万里/<em class=""keyword"">高适</em>×李白】莫愁前路无知己，天下谁人不识君",988,0,30,宇宙第一年糕妖怪,"古风,国漫,李白,影视剪辑,盛唐,追光动画,高适,吹灭小山河,长安三万里,电影长安三万里,长安三万里大唐欢迎你",BV1UN411e74V,https://www.bilibili.com/video/BV1UN411e74V
长安三万里,【长安三万里x是年七六二】“只要诗在，书在，长安就会在”,1114,0,9,哆啦Cola,"影视,唐朝,长安,电影剪辑,李白,影视剪辑,KBShinya,高适,长安三万里,是年七六二",BV1z84y197cc,https://www.bilibili.com/video/BV1z84y197cc
长安三万里,"“年少时不能遇见太惊艳的人…”<em class=""keyword"">高适</em>丨李白丨长安三万里",8588,1,121,溶溶月丿,"唐朝,诗人,诗词,李白,知己,影视剪辑,李太白,高适,长安三万里,电影长安三万里,长安三万里大唐欢迎你",BV1TX4y1e7c9,https://www.bilibili.com/video/BV1TX4y1e7c9
长安三万里,"【<em class=""keyword"">高适</em>｜别董大】天下谁人不识君？",2035,0,28,昭熙的理想国,"剪辑,国漫,诗词,国风,影视剪辑,高适,别董大,长安三万里",BV1Bj411H7Vx,https://www.bilibili.com/video/BV1Bj411H7Vx
长安三万里,【长安三万里】浮光中的盛世在你我心中  亘古不变,14855,0,257,花汐Zoya丶,"剪辑,长安,李白,漫剪,高适,浮光,长安三万里,影视神仙剪刀手,神仙剪刀手5.0",BV1ux4y1s7L8,https://www.bilibili.com/video/BV1ux4y1s7L8
长安三万里,"1080P《长安三万里》视频原声，三分钟带你尽看李白与<em class=""keyword"">高适</em>。",26819,209,282,蝶飞檐落,"杜甫,国漫,李白,影视剪辑,高适,必剪创作,长安三万里,影视有好瓜,新片新剧产粮大赛",BV1qu4y1e79C,https://www.bilibili.com/video/BV1qu4y1e79C
长安三万里,"<em class=""keyword"">高适</em>的高家枪只为上阵杀敌，而今天却要去讨妇人欢喜",81,0,1,小虎聊影视,"动漫,国产,电影,动画片,国漫,电影剪辑,混剪,影视剪辑,长安三万里,影视神仙剪刀手,神仙剪刀手5.0",BV1natFeFEnG,https://www.bilibili.com/video/BV1natFeFEnG
长安三万里,"<em class=""keyword"">高适</em>的高家枪只为上阵杀敌，而今天却要去讨妇人欢喜",81,0,1,小虎聊影视,"动漫,国产,电影,动画片,国漫,电影剪辑,混剪,影视剪辑,长安三万里,影视神仙剪刀手,神仙剪刀手5.0",BV1natFeFEnG,https://www.bilibili.com/video/BV1natFeFEnG
长安三万里,《长安三万里》角色及相关评分，你最喜欢谁？,5200,158,55,熊猫排行,"杜甫,唐朝,电视剧,李白,影视剪辑,高适,长安三万里,人人都能聊影视,人人都能聊影视5.0",BV1Fb9JYPESC,https://www.bilibili.com/video/BV1Fb9JYPESC
长安三万里,【长安三万里】不见长安 | 有人歌诗三百 歌尽了悲欢,13056,8,434,-莫凭阑-,"长安,诗词,李白,影视剪辑,追光动画,高适,长安三万里,宝藏动画安利",BV13N4y117Z5,https://www.bilibili.com/video/BV13N4y117Z5
长安三万里,这才是内娱小生应有的台词水平，【于适朗诵李白《将进酒》直拍】台词功底太扎实了，现场比直播更能感受声音的穿透力【于室存档】250411 百年丁香诗会,4215,121,133,影子风中有朵雨做的云,"台词,声音,诗词,李白,将进酒,朗诵,影视剪辑,95生,于适,长安三万里",BV1gydDY3EfT,https://www.bilibili.com/video/BV1gydDY3EfT
长安三万里,"大器晚成的<em class=""keyword"">高适</em>——观&lt;长安三万里&gt;有感",4151,1,17,墨沉燃羽zyh,"电影,长安,大唐,电影剪辑,高适,长安三万里,神仙剪刀手,影视神仙剪刀手",BV1Lw411M7aS,https://www.bilibili.com/video/BV1Lw411M7aS
长安三万里,长安三万里：只要诗在，书在，长安就会在！“天生我材必有用，千金散尽还复来”“莫愁前路无知己，天下谁人不识君”哈哈哈……,2335,0,22,远远不能啊,"杜甫,唐朝,超燃,长安,动漫推荐,李白,混剪,影视剪辑,高适,长安三万里",BV1viNgeoEVG,https://www.bilibili.com/video/BV1viNgeoEVG
长安三万里,长安三万里：只要诗在，书在，长安就会在！“天生我材必有用，千金散尽还复来”“莫愁前路无知己，天下谁人不识君”哈哈哈……,2335,0,22,远远不能啊,"杜甫,唐朝,超燃,长安,动漫推荐,李白,混剪,影视剪辑,高适,长安三万里",BV1viNgeoEVG,https://www.bilibili.com/video/BV1viNgeoEVG
长安三万里,长安三万里，盛唐一弯夕,490,0,5,余目目,"古风,唐朝,梦,诗词,李白,盛夏,影视剪辑,盛唐,高适,长安三万里",BV1Dku3zdE1M,https://www.bilibili.com/video/BV1Dku3zdE1M
长安三万里,"杜甫<em class=""keyword"">高适</em>20多年后再相见，第一件事竟然是去追星李白",300245,85,2146,毛豆酱の,"电影,杜甫,唐朝,李白,影视剪辑,相见,长安三万里",BV1iu411a7C2,https://www.bilibili.com/video/BV1iu411a7C2
长安三万里,【长安三万里/适白】真相是真|少年一瞬动心就永远动心（cp向预警）,1688,1,32,歌修不羞羞,"电影,李白,影视剪辑,高适,真相是真,长安三万里,适白,你嗑的CP是真的,神仙剪刀手",BV1X8411r7QY,https://www.bilibili.com/video/BV1X8411r7QY
长安三万里,长安三万里，盛唐一弯夕,490,0,5,余目目,"古风,唐朝,梦,诗词,李白,盛夏,影视剪辑,盛唐,高适,长安三万里",BV1Dku3zdE1M,https://www.bilibili.com/video/BV1Dku3zdE1M
长安三万里,拉片详解《长安三万里》（七）-一日三绝裴旻舞剑，一代奸臣李林甫，封建社会女性悲哀,1757,1,50,FutierNixe,"女性,唐朝,电影剪辑,李白,影视剪辑,李林甫,高适,人文历史档案馆,长安三万里,一日三绝,人文历史档案馆2.0",BV1nqqrYJEFm,https://www.bilibili.com/video/BV1nqqrYJEFm
长安三万里,〖水龙吟/长安三万里〗汉家烟尘在东北，汉将辞家破残贼,25182,7,324,踹那什么来着-_-,"剪辑,唐朝,李白,影视剪辑,水龙吟,高适,长安三万里",BV1mV4y1v7zg,https://www.bilibili.com/video/BV1mV4y1v7zg
长安三万里,我敢说，90%的国人根本不了解李白,8918945,3857,157503,布衣探案,"中国,文化,中国风,唐朝,李白,影视剪辑,高适,追光,长安三万里,电影长安三万里,长安三万里大唐欢迎你",BV1WV4y187CK,https://www.bilibili.com/video/BV1WV4y187CK
长安三万里,我敢说，90%的国人根本不了解李白,8918945,3857,157503,布衣探案,"中国,文化,中国风,唐朝,李白,影视剪辑,高适,追光,长安三万里,电影长安三万里,长安三万里大唐欢迎你",BV1WV4y187CK,https://www.bilibili.com/video/BV1WV4y187CK
长安三万里,"【长安三万里】之书童，<em class=""keyword"">高适</em>帐中微弱的烛火，照耀着大唐沉浮、乱世与太平！",3217,2,11,伯纳乌未来名宿,"国漫,影视剪辑,高适,长安三万里,高适书童,高适身边小男孩",BV1zH4y1C7Au,https://www.bilibili.com/video/BV1zH4y1C7Au
长安三万里,"【长安三万里】之书童，<em class=""keyword"">高适</em>帐中微弱的烛火，照耀着大唐沉浮、乱世与太平！",3217,2,11,伯纳乌未来名宿,"国漫,影视剪辑,高适,长安三万里,高适书童,高适身边小男孩",BV1zH4y1C7Au,https://www.bilibili.com/video/BV1zH4y1C7Au
长安三万里,《长安三万里》正片古诗「纯享版」,395080,470,7201,薄荷在哪里,"电影,李白,古诗,影视剪辑,高适,长安三万里",BV15u4y1t71B,https://www.bilibili.com/video/BV15u4y1t71B
长安三万里,"长安三万里<em class=""keyword"">高适</em>",418,0,3,木神也会认栽,"混剪,高适,长安三万里",BV1bN411Y7mq,https://www.bilibili.com/video/BV1bN411Y7mq
长安三万里,【长安三万里】我同时跟八个男（？）的结婚,13220,50,118,言恕言悉,"杜甫,长安,李白,影视剪辑,八个,王维,高适,长安三万里,电影长安三万里",BV1QW4y1f7eM,https://www.bilibili.com/video/BV1QW4y1f7eM
长安三万里,"【长安三万里】<em class=""keyword"">高适</em>！赵客缦胡缨，吴钩霜雪明。——李白",3778,1,24,森林雾草,"电影,长安,古装,李白,影视剪辑,高适,必剪创作,长安三万里,心动的动漫",BV14G41197nf,https://www.bilibili.com/video/BV14G41197nf
长安三万里,【长安三万里】我同时跟八个男（？）的结婚,13220,50,118,言恕言悉,"杜甫,长安,李白,影视剪辑,八个,王维,高适,长安三万里,电影长安三万里",BV1QW4y1f7eM,https://www.bilibili.com/video/BV1QW4y1f7eM
长安三万里,"长安三万里  讲述<em class=""keyword"">高适</em>的一生",348,0,3,月儿918,"长安,电影剪辑,讲述,影视剪辑,高适,B站小剧场,长安三万里,我在B站拍短剧·夏日剧场",BV1Nu4y1273b,https://www.bilibili.com/video/BV1Nu4y1273b
长安三万里,"长安三万里  讲述<em class=""keyword"">高适</em>的一生",348,0,3,月儿918,"长安,电影剪辑,讲述,影视剪辑,高适,B站小剧场,长安三万里,我在B站拍短剧·夏日剧场",BV1Nu4y1273b,https://www.bilibili.com/video/BV1Nu4y1273b
长安三万里,【长安三万里】【观后感】说说大家看懂了却不敢说的一些话，或许这才是电影想要给我们传达的……,5367,11,20,袁尧君,"鬼畜,电影,观后感,大唐,李白,唐诗,高适,必剪创作,电影长安三万里,长安三万里大唐欢迎你",BV1h8411U76X,https://www.bilibili.com/video/BV1h8411U76X
长安三万里,长安三万里中的诗词,40060,18,790,黑科技老六,"经典电影,诗词,影视剪辑,长安三万里,神仙剪刀手,影视神仙剪刀手",BV1iy4y1w7TB,https://www.bilibili.com/video/BV1iy4y1w7TB
长安三万里,«长安三万里»看之前vs看之后,25860,206,91,你的毛笔又脱发了,"原创,VS,剪辑,西安,诗词,李白,高适,夏日游园会,长安三万里,随手记录我的生活碎片",BV1tz4y1778Z,https://www.bilibili.com/video/BV1tz4y1778Z
长安三万里,长安三万里—王维,46868,3,105,君君杰睿,"电影,唐朝,国漫,长安,相思,影视剪辑,王维,长安三万里",BV1tg4y1w785,https://www.bilibili.com/video/BV1tg4y1w785
长安三万里,长安三万里哥舒翰诗,33629,6,74,木ヾ非殿,"经典电影,电影剪辑,影视剪辑,哥舒翰,高适,哥舒歌,长安三万里,南风知我意二创大赛",BV1ta4y1X7TX,https://www.bilibili.com/video/BV1ta4y1X7TX
长安三万里,【长安三万里 | 十三分钟诗词出处汇总】山河锦绣，字生星斗。长安三万里，大梦一浮云。,2359,2,73,云川上,"杜甫,诗词,李白,影视剪辑,王维,高适,长安三万里,神仙剪刀手,影视神仙剪刀手",BV1oC4y1o7Rn,https://www.bilibili.com/video/BV1oC4y1o7Rn
长安三万里,【长安三万里×御龙吟】 | 刀光剑影，兴衰更替，超燃混剪！ 太适配了！,4826,150,138,拉文克劳的小狮子,"大唐,李白,混剪,御龙吟,姚贝娜,踩点,高适,必剪创作,长安三万里,长安三万里大唐欢迎你",BV1PX4y1n7Jm,https://www.bilibili.com/video/BV1PX4y1n7Jm
长安三万里,"长安三万里--<em class=""keyword"">高适</em>与李白",1503,0,20,DY含笑半步癫儿,"剪辑,唐朝,电视剧,长安,电影剪辑,影视剪辑,长安三万里",BV1p6QVYyENc,https://www.bilibili.com/video/BV1p6QVYyENc
长安三万里,"长安三万里--<em class=""keyword"">高适</em>与李白",1503,0,20,DY含笑半步癫儿,"剪辑,唐朝,电视剧,长安,电影剪辑,影视剪辑,长安三万里",BV1p6QVYyENc,https://www.bilibili.com/video/BV1p6QVYyENc
长安三万里,"『一点归鸿/长安三万里』（氛围向/歌词向）“任重两鬓如霜,今朝谁与共”",3722,0,66,宅家肥柴君,"电影,剪辑,歌词,诗词,李白,踩点,高适,一点归鸿,长安三万里,神仙剪刀手,影视神仙剪刀手",BV1vM41197Mx,https://www.bilibili.com/video/BV1vM41197Mx
长安三万里,电影长安三万里抢先版,72041,12,707,倾颜墨安,"配音,国漫,动画短片,李白,混剪,唐代,高适,长安三万里,电影长安三万里",BV13N411r76Q,https://www.bilibili.com/video/BV13N411r76Q
长安三万里,“杜甫的曲江宴，一等就是一辈子啊”,2680,1,34,剪辑梦想家_,"杜甫,影视剪辑,高适,长安三万里,神仙剪刀手,影视神仙剪刀手",BV1qc411674h,https://www.bilibili.com/video/BV1qc411674h
长安三万里,"用悲壮的曲调  演绎<em class=""keyword"">高适</em>的战场时刻",272,0,2,a45j,"战争,动画电影,影视剪辑,高适,长安三万里",BV1xJ4m1w7Ki,https://www.bilibili.com/video/BV1xJ4m1w7Ki
长安三万里,"《长安三万里》青年<em class=""keyword"">高适</em>初遇小杜甫选段，翻录（青年<em class=""keyword"">高适</em>：配音秀稷泽十九）",269,0,3,斑比SR,"动漫,配音,国漫,中配,正太音,青叔音,高适,长安三万里,配音还能这么玩,小杜甫,动画嘉年华2024·无限同人",BV1GtWhebEqc,https://www.bilibili.com/video/BV1GtWhebEqc
长安三万里,自卑的人，身边有一个小杜甫这样的朋友一定是件很幸福的事吧,42799,13,159,毛豆酱の,"电影,人生,杜甫,影视剪辑,自卑,高适,长安三万里",BV1Co4y177DZ,https://www.bilibili.com/video/BV1Co4y177DZ
长安三万里,“天下事无所不难，我李白要做就要做最难的事！”【长安三万里】,20570,31,219,CD猪皮,"国漫,长安,诗词,李白,将进酒,唐诗,影视剪辑,高适,追光,长安三万里",BV1TN4y1e7FY,https://www.bilibili.com/video/BV1TN4y1e7FY
长安三万里,"【长安三万里】李白✘<em class=""keyword"">高适</em>：人生能有几知己",1253,1,16,三斤方糖,"人生,剪辑,国漫,长安,李白,知己,影视剪辑,高适,长安三万里,长安三万里大唐欢迎你",BV1XF411X76M,https://www.bilibili.com/video/BV1XF411X76M
长安三万里,【长安三万里×若梦】适白|如我虔诚合十双手，唯愿你能得到拯救,1672,2,63,一只小奶基,"电影剪辑,李白,影视剪辑,高适,若梦,最强安利王,长安三万里,适白,混剪安利大作战",BV188411k71b,https://www.bilibili.com/video/BV188411k71b
长安三万里,【长安三万里｜寻常歌完整版】“劳碌半生，皆成梦幻。回首二十年前，真如隔世。”,3538,91,101,火龙果酒吨吨吨,"古风,唐朝,国漫,李白,混剪,高适,长安三万里,神仙剪刀手,影视神仙剪刀手",BV1Q94y1h7kj,https://www.bilibili.com/video/BV1Q94y1h7kj
