动漫名,标题,BVID,UP主,播放量,弹幕数,评论数,点赞数,投币数,收藏数,分享数,视频链接
一,现代修仙，没钱纯靠自律【自律狠人】【第一季超长电影版】,BV1B8ZJYTEPg,圆桌动漫,8215148,3361,1027,59881,14291,116020,1188,https://www.bilibili.com/video/BV1B8ZJYTEPg
年,《穷鬼的上下两千年》第一集：老夫，秦国白起,BV1mSZkYQEGf,吃顾楠的豆饭,1106012,825,2679,85182,12740,44158,1402,https://www.bilibili.com/video/BV1mSZkYQEGf
一,《穷鬼的上下两千年》第一集：老夫，秦国白起,BV1mSZkYQEGf,吃顾楠的豆饭,1106012,825,2679,85182,12740,44158,1402,https://www.bilibili.com/video/BV1mSZkYQEGf
一,以前光顾着看陀螺了！一个角色为啥比动画还火？,BV1dEfKYcENK,The梁某人,2545547,4774,3699,102444,6719,29070,2758,https://www.bilibili.com/video/BV1dEfKYcENK
一,千百次的训练只为这一刻,BV19KZWYuE6W,我本书剑飘零,4674479,289,968,454864,6395,30898,3870,https://www.bilibili.com/video/BV19KZWYuE6W
一,奔跑的一生,BV1WEfNYGEbz,圣光老山药,4764566,457,486,146448,2167,26165,795,https://www.bilibili.com/video/BV1WEfNYGEbz
一,想和你一起玩游戏的可爱萌新队友【明日方舟】,BV1txZzYrEh2,RPGLauncher,994234,149,2192,117742,6280,30077,4065,https://www.bilibili.com/video/BV1txZzYrEh2
一,正义铁拳1-3合集你只是一个谦逊和蔼的辅警 却三脚就能让A级通缉犯跪下唱征服,BV1sSoXYzEP9,在下左左漫,10148684,84,45,31893,9477,241488,28,https://www.bilibili.com/video/BV1sSoXYzEP9
一,突破次元壁！和初音的一天~,BV1xJZvYFEug,神奇的老皮,1576989,373,520,64102,2839,22666,895,https://www.bilibili.com/video/BV1xJZvYFEug
一,《道术镇阴阳》-第一集-先秦阴阳家传人，请多指教！,BV1N2oXYrEVh,小木不沐,2784524,122,44,14919,1484,84213,37,https://www.bilibili.com/video/BV1N2oXYrEVh
一,【一拳超人】原作153：甜心假面最帅救场！超合金黑光重拾自信？,BV1kBZ8YrEgL,假装冷酷的起灵,1052493,2137,2626,39991,6716,6948,1345,https://www.bilibili.com/video/BV1kBZ8YrEgL
一,⚡👟  差  一  步  👟⚡,BV1yDZBYvEW9,夜城入仁菜,421920,538,1764,61368,4447,20224,16221,https://www.bilibili.com/video/BV1yDZBYvEW9
一,用机械傩舞给同学们一点震撼,BV1jboeY3Euo,陳楚念,6379481,889,3346,477006,9486,64911,5651,https://www.bilibili.com/video/BV1jboeY3Euo
年,考古出土2000年前的汉代陶俑人偶撞脸《迪迦奥特曼》,BV1hHZzYLEc4,说动漫的雷欧,3744613,107,104,5946,452,21774,67,https://www.bilibili.com/video/BV1hHZzYLEc4
一,《浮生海岛》24。你和三个女人被传送到一座孤岛上 #二次元 #原创动漫  #原创动画,BV1c5ZPYAEM4,浮生动漫666,4291920,55,35,16179,1314,74923,6,https://www.bilibili.com/video/BV1c5ZPYAEM4
一,「心灵感应BGM一响，DNA动了！」教室走廊秒变异次元，周防有希の舞见参上！,BV1uTZkYHEmz,雪柔睡不醒,361847,65,284,69018,2887,33770,585,https://www.bilibili.com/video/BV1uTZkYHEmz
一,如果你这样都算痛苦的话 那我经历的一切又算什么呢,BV154Z4YpEHG,poimiku不是笨比,1003669,543,1551,101637,7649,49471,18821,https://www.bilibili.com/video/BV154Z4YpEHG
一,比肩Arc-V！完爆Mujica！游戏王献给烂番届的又一封情书！你们才是挑战者！,BV1SWZrYDEnk,无聊FO,762739,2971,3372,21459,6241,7911,5840,https://www.bilibili.com/video/BV1SWZrYDEnk
一,玩具店抓到一群小黄人，变身果酱工厂打工人，做果汁给奥特曼,BV1BhZhYKERf,爱玩具的大成,1631869,32,10,1745,276,9359,7,https://www.bilibili.com/video/BV1BhZhYKERf
