所属动漫,视频标题,点赞数,评论数,分享数,作者,标签,视频ID,视频链接,发布时间
浪浪山小妖怪,“我是旧时代的残党，新时代没有能载我的船” #浪浪山小妖怪为何封神 #否否 #二创@禽兽超人 #於水导演作品 #如果有多一张船票,28752,559,1536,大一口,"浪浪山小妖怪为何封神,否否,二创,,於水导演作品,如果有多一张船票",7535642138332122402,https://www.douyin.com/video/7535642138332122402,2025/8/7 9:00
浪浪山小妖怪,“敬每一个勇敢出发的自己” #了不起的混剪团 #混剪暑假企划 #踩点技术流 #电影浪浪山小妖怪 #抖音精选,5365,175,428,椅上猫,"了不起的混剪团,混剪暑假企划,踩点技术流,电影浪浪山小妖怪,抖音精选",7535352345383669019,https://www.douyin.com/video/7535352345383669019,2025/8/6 14:15
浪浪山小妖怪,画了一组浪浪山小妖怪同人头像。昨天去看了《浪浪山小妖怪》，感同身受，忍不住拿起了画笔，画了一组同人头像致敬在平凡生活中不断奋斗的我们[#卡通头像 #画画 #浪浪山小妖怪  #浪浪山 #浪浪山头像,9781,544,4603,插画师小光sir,"卡通头像,画画,浪浪山小妖怪,浪浪山,浪浪山头像",7534591705804524859,https://www.douyin.com/video/7534591705804524859,2025/8/4 13:04
浪浪山小妖怪,"同人这一块/.#浪浪山小妖怪 #同人 #西游记 #电影 我不行了。同人女这一块。
",15,0,0,碎雨,"浪浪山小妖怪,同人,西游记,电影",7536850122559753499,https://www.douyin.com/video/7536850122559753499,2025/8/10 15:07
浪浪山小妖怪,😡浪浪山好好看。#浪浪山小妖怪#拟人#同人#画画#加油拆那,12,3,0,神秘的产品奴😂🎃🎃,"浪浪山小妖怪,拟人,同人,画画,加油拆那",7536463096463822122,https://www.douyin.com/video/7536463096463822122,2025/8/9 14:05
浪浪山小妖怪,#同人 #浪浪山小妖怪#黄眉大王 #嬷嬷,24,2,2,欣。。,"同人,浪浪山小妖怪,嬷嬷",7536589658428542251,https://www.douyin.com/video/7536589658428542251,2025/8/9 22:17
长安三万里,"【长安三万里】每一帧都美如画，合起来却是那个时代的跌宕 #国漫  #超然混剪 #视觉盛宴  #谪仙李白 #高适 
剪辑小白，定期交作业。
多多关注支持呀！",110,5,346,朝峰印蝶,"国漫,超然混剪,视觉盛宴,谪仙李白,高适",7466654184834616630,https://www.douyin.com/video/7466654184834616630,2025/2/2 11:16
长安三万里,“大鹏一日同风起，扶摇直上九万里” #混剪  #长安三万里 #精彩片段 #强烈推荐 #动画短片,5,0,9,张政影视,"混剪,长安三万里,精彩片段,强烈推荐,动画短片",7529032185237998905,https://www.douyin.com/video/7529032185237998905,2025/7/20 13:30
长安三万里,历史同人，杜甫，醉眠秋共被，携手日同行！#杜甫 #《长安三万里》 #李白 #历史同人,1022,43,61,上古小妖,"杜甫,《长安三万里》,李白,历史同人",7264506462364306728,https://www.douyin.com/video/7264506462364306728,2023/8/7 17:15
长安三万里,工具人也得要挨打呀！T_T老王是真狠啊！#长安三万里同人#李白#高适#杜甫#王维,78,8,9,世界上唯一的正常人,"长安三万里同人,李白,高适,杜甫,王维",7337637064017579302,https://www.douyin.com/video/7337637064017579302,2024/2/20 18:59
长安三万里,长安三万里｜适白cp.啊啊啊我不干净了！从电影院起就在磕这对🙈这个本子看得我疯狂尖叫🙈家人们冲！#长安三万里 #李白高适 #高适李白 #长安三万里李白演我精神状态 #同人文,1142,53,76,芝麻公仔,"长安三万里,李白高适,高适李白,长安三万里李白演我精神状态,同人文",7259414066601413888,https://www.douyin.com/video/7259414066601413888,2023/7/24 23:54
茶啊二中,茶啊F4出场，三班你拿什么输！ #茶啊二中 #动漫混剪,535,70,25,茶啊二中大卖铺,"茶啊二中,动漫混剪",7536059807774608676,https://www.douyin.com/video/7536059807774608676,2025/8/8 17:00
茶啊二中,茶啊F4出场，三班你拿什么输！ #茶啊二中 #动漫混剪,535,70,25,茶啊二中大卖铺,"茶啊二中,动漫混剪",7536059807774608676,https://www.douyin.com/video/7536059807774608676,2025/8/8 17:00
茶啊二中,⚡我在寝室唱红日，扣五分⚡ #茶啊二中 #鬼畜 #搞笑 #红日,6102,541,967,小默视频,"茶啊二中,鬼畜,搞笑,红日",7289815395614117139,https://www.douyin.com/video/7289815395614117139,2023/10/14 22:07
王牌二哈,"#因为一个片段看了整部剧 #每天持续更新好剧 #关注我一起追剧 #影视剪辑 王牌二哈
",21,4,12,丫丫姐姐,"因为一个片段看了整部剧,每天持续更新好剧,关注我一起追剧,影视剪辑",7283740905083833634,https://www.douyin.com/video/7283740905083833634,2023/9/28 13:14
王牌二哈,"#因为一个片段看了整部剧 #每天持续更新好剧 #关注我一起追剧 #影视剪辑 王牌二哈
",21,4,12,丫丫姐姐,"因为一个片段看了整部剧,每天持续更新好剧,关注我一起追剧,影视剪辑",7283740905083833634,https://www.douyin.com/video/7283740905083833634,2023/9/28 13:14
王牌二哈,"#因为一个片段看了整部剧 #每天持续更新好剧 #关注我一起追剧 #影视剪辑 王牌二哈
",21,4,12,丫丫姐姐,"因为一个片段看了整部剧,每天持续更新好剧,关注我一起追剧,影视剪辑",7283740905083833634,https://www.douyin.com/video/7283740905083833634,2023/9/28 13:14
王牌二哈,"#因为一个片段看了整部剧 #每天持续更新好剧 #关注我一起追剧 #影视剪辑 王牌二哈
",21,4,12,丫丫姐姐,"因为一个片段看了整部剧,每天持续更新好剧,关注我一起追剧,影视剪辑",7283740905083833634,https://www.douyin.com/video/7283740905083833634,2023/9/28 13:14
王牌二哈,"#因为一个片段看了整部剧 #每天持续更新好剧 #关注我一起追剧 #影视剪辑 王牌二哈
",21,4,12,丫丫姐姐,"因为一个片段看了整部剧,每天持续更新好剧,关注我一起追剧,影视剪辑",7283740905083833634,https://www.douyin.com/video/7283740905083833634,2023/9/28 13:14
贝肯熊：火星任务,"动画电影推荐-贝肯熊：火星任务精彩片段。
#电影 #电影推荐 #电影剪辑",31,3,0,无 名,"电影,电影推荐,电影剪辑",7509288331890969867,https://www.douyin.com/video/7509288331890969867,2025/5/28 8:34
贝肯熊：火星任务,"动画电影推荐-贝肯熊：火星任务精彩片段。
#电影 #电影推荐 #电影剪辑",31,3,0,无 名,"电影,电影推荐,电影剪辑",7509288331890969867,https://www.douyin.com/video/7509288331890969867,2025/5/28 8:34
贝肯熊：火星任务,"动画电影推荐-贝肯熊：火星任务精彩片段。
#电影 #电影推荐 #电影剪辑",31,3,0,无 名,"电影,电影推荐,电影剪辑",7509288331890969867,https://www.douyin.com/video/7509288331890969867,2025/5/28 8:34
贝肯熊：火星任务,"动画电影推荐-贝肯熊：火星任务精彩片段。
#电影 #电影推荐 #电影剪辑",31,3,0,无 名,"电影,电影推荐,电影剪辑",7509288331890969867,https://www.douyin.com/video/7509288331890969867,2025/5/28 8:34
贝肯熊：火星任务,"动画电影推荐-贝肯熊：火星任务精彩片段。
#电影 #电影推荐 #电影剪辑",31,3,0,无 名,"电影,电影推荐,电影剪辑",7509288331890969867,https://www.douyin.com/video/7509288331890969867,2025/5/28 8:34
天降大任,#超燃混剪  天降大任，舍我其谁。带我回家，待我回家，代我回家。,1567,20,82,遗忘,超燃混剪,7311249057794542898,https://www.douyin.com/video/7311249057794542898,2023/12/11 16:20
大雨,铁棒还在杀，十方震怖皆畏他——大雨还在下 #齐天大圣 #孙悟空 #夏日混剪大赛 #了不起的混剪团 #抖音精选,7060,528,1678,鹿云清,"齐天大圣,孙悟空,夏日混剪大赛,了不起的混剪团,抖音精选",7535886271315545390,https://www.douyin.com/video/7535886271315545390,2025/8/8 7:16
大雨,"爱像一场大雨
未婚妻我好想你#光与夜之恋#同人 #二创#查理苏 #人夫感",18276,193,903,可乐米,"光与夜之恋,同人,二创,查理苏,人夫感",7535469522473372971,https://www.douyin.com/video/7535469522473372971,2025/8/6 21:50
大雨,铁棒还在杀，十方震怖皆畏他——大雨还在下 #齐天大圣 #孙悟空 #夏日混剪大赛 #了不起的混剪团 #抖音精选,7060,528,1678,鹿云清,"齐天大圣,孙悟空,夏日混剪大赛,了不起的混剪团,抖音精选",7535886271315545390,https://www.douyin.com/video/7535886271315545390,2025/8/8 7:16
大雨,“外面枪声滴滴答答，三天三夜都没有停下” #亮剑 #了不起的混剪团 #混剪产粮团 #大雨还在下 #李云龙,100904,5988,16956,深夜摆烂者,"亮剑,了不起的混剪团,混剪产粮团,大雨还在下,李云龙",7533785635522481417,https://www.douyin.com/video/7533785635522481417,2025/8/2 8:56
大雨,"""虽然你不说，但你就是我的父亲"" #大雨 #电影 #混剪天团",269054,3398,86148,暴躁剪辑师,"大雨,电影,混剪天团",7433793639802834176,https://www.douyin.com/video/7433793639802834176,2024/11/5 22:05
大雨,#大雨还在下 #falsealarm #高燃 #高燃混剪 大雨还在下 4K 60FPS,1235,77,989,柳叶白菀,"大雨还在下,falsealarm,高燃,高燃混剪",7261280212388810038,https://www.douyin.com/video/7261280212388810038,2023/7/30 0:36
大雨,铁棒还在杀，十方震怖皆畏他——大雨还在下 #齐天大圣 #孙悟空 #夏日混剪大赛 #了不起的混剪团 #抖音精选,7060,528,1678,鹿云清,"齐天大圣,孙悟空,夏日混剪大赛,了不起的混剪团,抖音精选",7535886271315545390,https://www.douyin.com/video/7535886271315545390,2025/8/8 7:16
大雨,铁棒还在杀，十方震怖皆畏他——大雨还在下 #齐天大圣 #孙悟空 #夏日混剪大赛 #了不起的混剪团 #抖音精选,7060,528,1678,鹿云清,"齐天大圣,孙悟空,夏日混剪大赛,了不起的混剪团,抖音精选",7535886271315545390,https://www.douyin.com/video/7535886271315545390,2025/8/8 7:16
大雨,铁棒还在杀，十方震怖皆畏他——大雨还在下 #齐天大圣 #孙悟空 #夏日混剪大赛 #了不起的混剪团 #抖音精选,7060,528,1678,鹿云清,"齐天大圣,孙悟空,夏日混剪大赛,了不起的混剪团,抖音精选",7535886271315545390,https://www.douyin.com/video/7535886271315545390,2025/8/8 7:16
熊出没之逆转时空,熊出没之逆转时空 一 #熊出没 #治愈系 #熊出没大电影 #逆转时空熊出没 #动漫剪辑,9113,866,2365,影视🔥大放映,"熊出没,治愈系,熊出没大电影,逆转时空熊出没,动漫剪辑",7429267962143477033,https://www.douyin.com/video/7429267962143477033,2024/10/24 17:16
熊出没之逆转时空,熊出没之逆转时空 一 #熊出没 #治愈系 #熊出没大电影 #逆转时空熊出没 #动漫剪辑,9113,866,2365,影视🔥大放映,"熊出没,治愈系,熊出没大电影,逆转时空熊出没,动漫剪辑",7429267962143477033,https://www.douyin.com/video/7429267962143477033,2024/10/24 17:16
熊出没之逆转时空,你告诉我这是砍树的动画片？😂能让只强拿起锯子战斗，你也算厉害了#光头强 #光头强燃起来了 #超然混剪 #熊出没之逆转时空 #国产动画,442178,45211,351074,💤💤💤醒醒吧,"光头强,光头强燃起来了,超然混剪,熊出没之逆转时空,国产动画",7393601336157162792,https://www.douyin.com/video/7393601336157162792,2024/7/20 14:29
熊出没之逆转时空,熊出没之逆转时空 一 #熊出没 #治愈系 #熊出没大电影 #逆转时空熊出没 #动漫剪辑,9112,866,2365,影视🔥大放映,"熊出没,治愈系,熊出没大电影,逆转时空熊出没,动漫剪辑",7429267962143477033,https://www.douyin.com/video/7429267962143477033,2024/10/24 17:16
熊出没之逆转时空,欣赏一下怪博士的class操作。《熊出没之逆转时空》#因为一个片段看了整部动画 #超然混剪@DOU+小助手 #抖加小助手,2940,324,294,奶龙护体（漫游剪辑),"因为一个片段看了整部动画,超然混剪,,抖加小助手",7462355371621895464,https://www.douyin.com/video/7462355371621895464,2025/1/21 21:10
熊出没之逆转时空,熊出没之逆转时空 一 #熊出没 #治愈系 #熊出没大电影 #逆转时空熊出没 #动漫剪辑,9112,866,2365,影视🔥大放映,"熊出没,治愈系,熊出没大电影,逆转时空熊出没,动漫剪辑",7429267962143477033,https://www.douyin.com/video/7429267962143477033,2024/10/24 17:16
熊出没之逆转时空,杂图。又公又嬷，我这跌宕起伏的一生#熊出没 #熊出没之逆转时空 #熊出没逆转时空 #光头强 #同人,104538,27119,43656,东方林T,"熊出没,熊出没之逆转时空,熊出没逆转时空,光头强,同人",7338022860436376844,https://www.douyin.com/video/7338022860436376844,2024/2/21 19:56
熊出没之逆转时空,熊出没之逆转时空 一 #熊出没 #治愈系 #熊出没大电影 #逆转时空熊出没 #动漫剪辑,9113,866,2365,影视🔥大放映,"熊出没,治愈系,熊出没大电影,逆转时空熊出没,动漫剪辑",7429267962143477033,https://www.douyin.com/video/7429267962143477033,2024/10/24 17:16
熊出没之逆转时空,熊出没之逆转时空 一 #熊出没 #治愈系 #熊出没大电影 #逆转时空熊出没 #动漫剪辑,9112,866,2366,影视🔥大放映,"熊出没,治愈系,熊出没大电影,逆转时空熊出没,动漫剪辑",7429267962143477033,https://www.douyin.com/video/7429267962143477033,2024/10/24 17:16
雄狮少年2,永远比你多一份自信#混剪 #雄狮少年2 #热血 #超燃混剪,79523,1781,6262,宇宙第一超极骚雷爆缸无敌龙傲天,"混剪,雄狮少年2,热血,超燃混剪",7512793129947548980,https://www.douyin.com/video/7512793129947548980,2025/6/6 19:14
雄狮少年2,"#刘家娟 #雄狮少年2 刘家娟，你从农村走出来的时候你在想什么？拿起狮头的时候你想什么？拜师训练时你在想什么？那木棉花砸到你头上时，你在想什么？父亲昏迷时，你在想什么？舞狮比赛得了第一，你那时候在想什么？被招摇抹黑被说是逃犯被p鬼图，那时候你在想什么？被以前的工友打进医院，阿猫的胳膊也骨折了，那时候你在想什么？师母打来的电话，母亲忍住不让你听见她哭泣的声音，只想让你回家，那时候你在想什么？日复一日的训练，所有的努力，却是因为当初被欺负反击的视频恶意剪辑而全部白费，那时候你在想什么？，从病猫长成雄狮，不靠任何人，只是被推着走，现在回过头发现自己也可以成为顶梁柱了，气争了回来，清白也回来了，拳馆也保了下来，父亲的腿能治了，可以让父母过上更好的生活了，那时候你在想什么？你会在深夜哭泣吗，你会因为没钱而苦恼吗，你会想念娟然吗，你会因为到新城市没有地方立足而窘迫吗？娟，我想问你，睡下下铺时 你会不会委屈，会不会哭，会不会经常吃眼泪拌饭，会不会想放弃，会不会想回家，会不会想念师父和师母，会不会想阿猫阿狗，你经历过的事，受过的苦和委屈，被电影中的几篇报道，几句话，几十秒短短带过，可我心疼你，我不愿再去仔细的看，泪水早已模糊我的双眼，也许我对你的情感不是爱情，也不是同情，它很模糊，总在情里反复跳跃，我知道那是爱，可我说不出那是什么爱，以什么身份的爱，为什么爱。你在我眼里只是一个孩子，一个跟我一样的人，明明都是普通的命运，你却用努力拼出了一条我不敢走的路。在深夜，我常常想，我为什么不能像你一样，成为一头雄狮，不管是哪个领域也好，我可以和你一样优秀，我们可以站在同一高度，俯看我们的过去，我们的未来。刘家娟，我爱你，不是爱情的爱，也不是友情、亲情，是我将你视为我的精神支柱，是在我困难时得到的不为多数的安慰，你支持我走下去，我想谢谢你，但可能你根本就不会认识我，但我却很了解你，我见过你努力的样子，我也见过你被欺负的样子，见过你风光的样子，见过你舞狮的样子，见过你打拳的样子，也见过你哭你笑你累的样子。那玉兰树下的野草里，我看见了一只猫，一头雄狮，一个被英雄花砸中的男人，一个舞狮人，你像那一阵风，吹过我的发丝，融入我生活的点点滴滴，只是一瞬间，便让我陷入有你的世界，我会追着你的脚步，描着你的眼睛，一步步成为你。
（那时我才明白，为什么有些人追星会想成为她，是因为那些人足够优秀，身上总有那令人惊叹的品质。）
刘家娟，明明你是一个很普通的人，一个被命运安排不好的剧本拼命挣扎的人，可你成功了，那是一个新的开始，在那之前我从来不会接触纪录片看生活看未来看理想，可看完这部电影时，我像一个干枯的海绵，渴望看外面的世界，你的经历对成年人来说可能过于幼稚，但对我来说刚刚好，让我对生活改观，让我不会再颓废下去，这是我爱你的理由，我会祝福你，我希望你接下来会顺利，会实现你的愿望，会过上更好的生活。
刘家娟，你身后不会再是孤零零的几个人，是成千上万的人，是你的粉丝，是你被故意抹黑招摇时的后盾，你是我们坚持的理由，我们会为你挡住那些谣言，因为你值得，所以我们愿意，愿你是那春天第一株撬开砖缝的嫩芽，是雨后的春笋，什么都阻挡不了你的脚步。
被英雄花砸中的人，都是幸运的",30,14,3,芝枳,"刘家娟,雄狮少年2",7535530184884194617,https://www.douyin.com/video/7535530184884194617,2025/8/7 1:45
雄狮少年2,永远比你多一份自信#混剪 #雄狮少年2 #热血 #超燃混剪,79523,1781,6262,宇宙第一超极骚雷爆缸无敌龙傲天,"混剪,雄狮少年2,热血,超燃混剪",7512793129947548980,https://www.douyin.com/video/7512793129947548980,2025/6/6 19:14
雄狮少年2,"#雄狮少年 #雄狮少年2 #阿娟 #同人 
#张瓦特",2074,58,157,美味人类！,"雄狮少年,雄狮少年2,阿娟,同人,张瓦特",7470005639608061241,https://www.douyin.com/video/7470005639608061241,2025/2/11 11:57
雄狮少年2,转小🍠看到的雄狮少年同人漫画#雄狮少年2,152,3,10,旭哥,雄狮少年2,7518069428572605756,https://www.douyin.com/video/7518069428572605756,2025/6/21 0:29
雄狮少年2,完了，染上阿娟了。#同人 #绘画 #雄狮少年 #雄狮少年2 #雄狮2我辈岂是蓬蒿人,492,20,31,嗷,"同人,绘画,雄狮少年,雄狮少年2,雄狮2我辈岂是蓬蒿人",7459447144563363123,https://www.douyin.com/video/7459447144563363123,2025/1/14 1:06
雄狮少年2,肖教练就是如此慷慨大方——已画爽 #雄狮少年2 #肖张扬 #画画 #绘画 #同人,2070,26,95,环洐白昼(不给原图/接稿版）,"雄狮少年2,肖张扬,画画,绘画,同人",7495038264022617353,https://www.douyin.com/video/7495038264022617353,2025/4/19 22:56
雄狮少年2,"抗个糖葫芦儿。新的钥匙扣已经出现 
#同人 #q版 #雄狮少年2 #刘家娟 #绘画",294,19,17,乖馨Suki,"同人,q版,雄狮少年2,刘家娟,绘画",7465018708323274042,https://www.douyin.com/video/7465018708323274042,2025/1/29 1:25
雄狮少年2,#肖张扬 #雄狮少年 #雄狮少年2 #procreate绘画 #同人图,244,33,11,玉米0️⃣,"肖张扬,雄狮少年,雄狮少年2,procreate绘画,同人图",7455679246392954127,https://www.douyin.com/video/7455679246392954127,2025/1/3 21:23
雄狮少年2,#雄狮少年2  雄狮少年2最后擂台决斗 雄狮少年2为什么变打拳 #雄狮少年2滚龙肘  雄狮少年2超然剪辑  #雄狮少年2大结 雄狮少年2炒面,430,14,20,纱丽追剧,"雄狮少年2,雄狮少年2滚龙肘,雄狮少年2大结",7511746989979274536,https://www.douyin.com/video/7511746989979274536,2025/6/3 23:35
盒中之海,我看着盒子中的我 （盒中之海）#动漫剪辑 #动漫电影推荐 #国漫崛起,18,1,1,阿伟观影,"动漫剪辑,动漫电影推荐,国漫崛起",7474530377810332954,https://www.douyin.com/video/7474530377810332954,2025/2/23 16:37
盒中之海,我看着盒子中的我 （盒中之海）#动漫剪辑 #动漫电影推荐 #国漫崛起,18,1,1,阿伟观影,"动漫剪辑,动漫电影推荐,国漫崛起",7474530377810332954,https://www.douyin.com/video/7474530377810332954,2025/2/23 16:37
盒中之海,生在草原的想看海，生在海边的想上岸....#动漫剪辑 #二次元 #盒中之海  #盒中之海 #哔哩哔哩,15,3,9,花未眠🌸,"动漫剪辑,二次元,盒中之海,盒中之海,哔哩哔哩",7422516632716659994,https://www.douyin.com/video/7422516632716659994,2024/10/6 12:35
盒中之海,#动漫剪辑 #盒中之海 #动漫电影 开局就想重开,88,3,0,鸣鹤影视,"动漫剪辑,盒中之海,动漫电影",7424167200862375205,https://www.douyin.com/video/7424167200862375205,2024/10/10 23:20
盒中之海,国产大作（盒中之海）#原创剪辑 #原创 #动漫剪辑,9,9,2,@🌈灬驻足～,"原创剪辑,原创,动漫剪辑",7428943417394138406,https://www.douyin.com/video/7428943417394138406,2024/10/23 20:14
盒中之海,我看着盒子中的我 （盒中之海）#动漫剪辑 #动漫电影推荐 #国漫崛起,18,1,1,阿伟观影,"动漫剪辑,动漫电影推荐,国漫崛起",7474530377810332954,https://www.douyin.com/video/7474530377810332954,2025/2/23 16:37
盒中之海,我就奇怪柯南是怎么没被发现的#盒中之海 #动漫剪辑 #搞笑动漫,55,5,28,miss you,"盒中之海,动漫剪辑,搞笑动漫",7477562564432481595,https://www.douyin.com/video/7477562564432481595,2025/3/3 20:41
阿狸,很喜欢阿狸的一句台词：请尽情吩咐阿狸~#英雄联盟 #阿狸 #lol #超燃台词 #我的游戏日常 #超燃混剪 #游戏cg #游戏日常分享,1075,97,2586,联盟游戏菌,"英雄联盟,阿狸,lol,超燃台词,我的游戏日常,超燃混剪,游戏cg,游戏日常分享",7215801751557983548,https://www.douyin.com/video/7215801751557983548,2023/3/31 21:20
阿狸,一切恩爱会，无常难得久，猴哥满满的遗憾！#雄兵连 #阿狸猴哥 #超然混剪 #动漫剪辑,1114,20,26,凉薇漫剪,"雄兵连,阿狸猴哥,超然混剪,动漫剪辑",7339001082217106707,https://www.douyin.com/video/7339001082217106707,2024/2/24 11:12
阿狸,英雄联盟阿狸是怎么评论其他英雄的#游戏中的名场面 #游戏cg混剪 #召唤师你后悔吗 #以凡人之躯比肩神明 #超然混剪,61425,952,5127,宁采桃花不采晨,"游戏中的名场面,游戏cg混剪,召唤师你后悔吗,以凡人之躯比肩神明,超然混剪",7378772184421928207,https://www.douyin.com/video/7378772184421928207,2024/6/10 15:24
白蛇：浮生,#上抖音看国漫 #国漫推荐 #我在抖音看动画 #白蛇浮生 #燃系动漫剪辑 白蛇：浮生 第一集,1343,53,483,☞墨韵影视,"上抖音看国漫,国漫推荐,我在抖音看动画,白蛇浮生,燃系动漫剪辑",7461290013523741961,https://www.douyin.com/video/7461290013523741961,2025/1/19 0:21
喜羊羊与灰太狼之守护,#喜羊羊与灰太狼 #喜羊羊与灰太狼之守护 #高燃混剪,2,1,0,小硕,"喜羊羊与灰太狼,喜羊羊与灰太狼之守护,高燃混剪",7536176667346865466,https://www.douyin.com/video/7536176667346865466,2025/8/8 19:34
喜羊羊与灰太狼之守护,灰叔和小羊们获得新装备！#喜羊羊与灰太狼 #喜羊羊与灰太狼之守护 #超燃混剪 #喜灰 #电影,11002,669,4675,白狐,"喜羊羊与灰太狼,喜羊羊与灰太狼之守护,超燃混剪,喜灰,电影",7494896239693221172,https://www.douyin.com/video/7494896239693221172,2025/4/19 13:45
落凡尘,我有哥妹瘾#落凡尘 #同人,2650,50,158,一天白露冷星榆,"落凡尘,同人",7394848198084414783,https://www.douyin.com/video/7394848198084414783,2024/7/23 23:07
落凡尘,"落凡尘同人翻牌 想念哥哥的又一天
#落凡尘 #电影落凡尘 #国漫 #动漫电影",4581,191,134,电影落凡尘,"落凡尘,电影落凡尘,国漫,动漫电影",7406282658486996265,https://www.douyin.com/video/7406282658486996265,2024/8/24 11:20
落凡尘,那咋啦，傲娇刻薄小反派就是爽啊。就这个落凡尘司牧我安利一下🐶🐶#草稿流 #落凡尘 #落凡尘司牧 #同人 #绘画,2852,24,79,温白开Wapeka,"草稿流,落凡尘,落凡尘司牧,同人,绘画",7396380902873419045,https://www.douyin.com/video/7396380902873419045,2024/7/28 2:16
伞少女,《伞少女》（2）#动漫 #动漫推荐 #动漫剪辑 #伞少女 #古装动漫,66,2,21,蛋蛋灬不忘初心,"动漫,动漫推荐,动漫剪辑,伞少女,古装动漫",7499400783009369353,https://www.douyin.com/video/7499400783009369353,2025/5/1 17:05
伞少女,《伞少女》（2）#动漫 #动漫推荐 #动漫剪辑 #伞少女 #古装动漫,66,2,21,蛋蛋灬不忘初心,"动漫,动漫推荐,动漫剪辑,伞少女,古装动漫",7499400783009369353,https://www.douyin.com/video/7499400783009369353,2025/5/1 17:05
头脑特工队2,"《头脑特工队2》 动画电影解说
你的青春也有这些烦恼吗？#动画电影解说 #电影 #动画 #头脑特工队2 #影视剪辑",29,2,6,飛宇,"动画电影解说,电影,动画,头脑特工队2,影视剪辑",7526153133601393955,https://www.douyin.com/video/7526153133601393955,2025/7/12 19:18
头脑特工队2,"《头脑特工队2》 动画电影解说
你的青春也有这些烦恼吗？#动画电影解说 #电影 #动画 #头脑特工队2 #影视剪辑",29,2,6,飛宇,"动画电影解说,电影,动画,头脑特工队2,影视剪辑",7526153133601393955,https://www.douyin.com/video/7526153133601393955,2025/7/12 19:18
头脑特工队2,“头脑特工队2”任何情绪都有存在的价值 #动漫剪辑#头脑特工队2#焦虑#救赎#动漫剪辑,931,33,1908,小喜.Mzero（接✂️）,"动漫剪辑,焦虑,救赎",7430322593908935955,https://www.douyin.com/video/7430322593908935955,2024/10/27 13:26
头脑特工队2,"“I'm not good enough”
#同人 #头脑特工队焦焦 #头脑特工队2 #指绘 #日常摸鱼",5822,122,244,海胆鞋垫猫☪︎（别收藏我置顶自设,"同人,头脑特工队焦焦,头脑特工队2,指绘,日常摸鱼",7393933732077473035,https://www.douyin.com/video/7393933732077473035,2024/7/21 11:59
头脑特工队2,"“这也…太近了…？”嘻嘻，躲一下储物柜🤫
#同人 #头脑特工队2 #娜莱  #头脑特工队莱莉 #头脑特工队小娜",2865,53,136,咖啡软糖木婴,"同人,头脑特工队2,娜莱,头脑特工队莱莉,头脑特工队小娜",7398835190702804265,https://www.douyin.com/video/7398835190702804265,2024/8/3 16:59
头脑特工队2,比“我很棒”、“我还不够好”更重要的是 #头脑特工队 #头脑特工队2 #同人 #绘画 #procreate绘画,4029,167,317,超螺旋复制猫,"头脑特工队,头脑特工队2,同人,绘画,procreate绘画",7384099089991961895,https://www.douyin.com/video/7384099089991961895,2024/6/24 23:55
头脑特工队2,#神金 #头脑特工队2 #头脑特工队丧丧#头脑特工队同人#炸裂,26,6,2,✙🥀Moros❌✙,"神金,头脑特工队2,头脑特工队丧丧,头脑特工队同人,炸裂",7414778321340255507,https://www.douyin.com/video/7414778321340255507,2024/9/15 16:07
头脑特工队2,#同人 #头脑特工队2 #焦焦 #摸鱼 一些剧照摸鱼,895,23,45,？,"同人,头脑特工队2,焦焦,摸鱼",7390982953204993314,https://www.douyin.com/video/7390982953204993314,2024/7/13 13:08
头脑特工队2,炒冷饭。#同人 #头脑特工队2 #神偷奶爸,342,34,4,炭烤松果派🥧,"同人,头脑特工队2,神偷奶爸",7396682167125855551,https://www.douyin.com/video/7396682167125855551,2024/7/28 21:44
头脑特工队2,绘画过程@时光冷雨 @puppy+子（小饭） #同人 #摸鱼 #指绘 #头脑特工队2 #头脑特工队焦焦,11,0,0,cn.葱米汁🎧,",,同人,摸鱼,指绘,头脑特工队2,头脑特工队焦焦",7535137718247132473,https://www.douyin.com/video/7535137718247132473,2025/8/6 0:22
头脑特工队2,"《头脑特工队2》 动画电影解说
你的青春也有这些烦恼吗？#动画电影解说 #电影 #动画 #头脑特工队2 #影视剪辑",29,2,6,飛宇,"动画电影解说,电影,动画,头脑特工队2,影视剪辑",7526153133601393955,https://www.douyin.com/video/7526153133601393955,2025/7/12 19:18
一,"【少儿组冠军🏆】一朗同学，内容丰富技术拉满
少儿hiphop中的佼佼者🔥@🤩是一郎呀🐰 
#MADHIPHOP #hiphop街舞圈 #hiphopbattle",60,4,6,MADHIPHOP,",madhiphop,hiphop街舞圈,hiphopbattle",7536058201000709435,https://www.douyin.com/video/7536058201000709435,2025/8/8 11:54
一,“观看一分钟，兴奋一整天”#充能计划 #我在抖音看动漫 #二次元 #MAD#动漫编年史,182,4,14,yiyo,"充能计划,我在抖音看动漫,二次元,mad",7531605221018373436,https://www.douyin.com/video/7531605221018373436,2025/7/27 11:54
一,听他说听他说#游戈 #游戈的宝藏乐园 #听潮阁二创 #听潮阁 @𝑇.游戈ˠᴳ《一厘米关系》TME已上线,1298,224,320,游月牙ˠᴳ🍰,"游戈,游戈的宝藏乐园,听潮阁二创,听潮阁,",7536208641272794414,https://www.douyin.com/video/7536208641272794414,2025/8/8 21:38
一,盘点钟离的那些千万播放量二创（素材来自小破站）#钟离 #帝君 #原神挪德卡莱 #和我一起玩原神吧 #钟离的安全感,45,5,7,愿与心念,"钟离,帝君,原神挪德卡莱,和我一起玩原神吧,钟离的安全感",7536131456994839823,https://www.douyin.com/video/7536131456994839823,2025/8/8 16:39
一,这群二创太夸张了！势必要逼死下一位接棒的是吧！ #崩坏星穹铁道 #因为太阳将要毁伤 #星穹铁道Fate联动 #Saber,267560,4316,49767,鸭厨,"崩坏星穹铁道,因为太阳将要毁伤,星穹铁道fate联动,saber",7527690362548292914,https://www.douyin.com/video/7527690362548292914,2025/7/16 22:43
一,“思念无声 又起风了” #混剪 #电影片段剪辑 #电影 #每一帧都是热爱 #推荐电影,89466,724,16698,艾里逊.,"混剪,电影片段剪辑,电影,每一帧都是热爱,推荐电影",7534674048106712366,https://www.douyin.com/video/7534674048106712366,2025/8/6 19:00
一,"一期剪辑比赛的娱乐视频 大家快来投票吧
会有第二期的 可以期待一下#第五人格 #高燃混剪 #第五人格剪辑赛 #高燃混剪",1630,415,265,季节,"第五人格,高燃混剪,第五人格剪辑赛,高燃混剪",7536137545299430683,https://www.douyin.com/video/7536137545299430683,2025/8/8 17:02
一,如果多一張船票，你会唔会同我一齐走 #感觉至上 #申有娜 #混剪 #如果多一张船票,978,10,17,rabbit@yuna,"感觉至上,申有娜,混剪,如果多一张船票",7536042669412928826,https://www.douyin.com/video/7536042669412928826,2025/8/8 10:54
一,“我会拿回属于我的一切” #锦月如歌  #混剪产粮团  #混剪暑期企划  #周也  #禾晏,24983,529,1644,少年宵寐,"锦月如歌,混剪产粮团,混剪暑期企划,周也,禾晏",7535698291423841595,https://www.douyin.com/video/7535698291423841595,2025/8/7 17:15
一,漫威里的那些不舍，每一帧都让人潸然泪下！ #了不起的混剪团  #暑期影视漫游企划  #混剪产粮团  #抖音精选  #漫威,1826,40,56,漫威英雄,"了不起的混剪团,暑期影视漫游企划,混剪产粮团,抖音精选,漫威",7536168634654199091,https://www.douyin.com/video/7536168634654199091,2025/8/8 19:03
一,"当哒当的罗小黑电影剧组#罗小黑战记 #同人 #手书
是胆大党第一季op#描改 
怒画两周 内含造谣师姐抽烟以及西木子瞳色私设（画的时候亲爹还没发）
按出场顺序参演人员有：西木子、鹿野、无限、罗小黑、#风息 、虚淮、洛竹、池年、甲、乙
你是谁？请支持罗小黑战记2
你是谁？请支持胆大党
不许玩公园烂梗哦不然我找人弄你^^
",205315,3784,27839,幻想通行,"罗小黑战记,同人,手书,描改,风息",7534374024769522987,https://www.douyin.com/video/7534374024769522987,2025/8/3 22:59
一,豪情凶纹2 #一人之下 #小说 #同人文 #文荒推荐 穿越一人之下，来到民国时期的异人世界，成为九叔弟子，而且身上还有传说中的十凶纹身，一击必中打神纹、剑道独尊九叶剑草纹、执掌万雷雷帝纹、天神巨力天角蚁纹......,1,1,0,林雨书屋,"一人之下,小说,同人文,文荒推荐",7536188568910187833,https://www.douyin.com/video/7536188568910187833,2025/8/8 20:20
一,恋与深空【秦彻·潜入夜】第一章。🧑‍🏫：Niechan（🍠/X）#同人 #二创#恋与深空秦彻#秦彻#秦彻潜入夜,2548,44,80,不是6秒,"同人,二创,恋与深空秦彻,秦彻,秦彻潜入夜",7535894387802688810,https://www.douyin.com/video/7535894387802688810,2025/8/8 1:19
一,"李柚巴。#李柚巴 #一胜千金 #同人 #每日分享 
原图:https://pan.quark.cn/s/e54c5aa4d1d4",20120,120,724,红星照耀世界,"李柚巴,一胜千金,同人,每日分享",7533457186249887012,https://www.douyin.com/video/7533457186249887012,2025/8/1 11:41
一,没空再去对谁解释。#火影忍者 #卡卡西 #火颜一 #同人 #卡卡西,115,7,3,章鱼烧大王,"火影忍者,卡卡西,火颜一,同人,卡卡西",7535814802409639225,https://www.douyin.com/video/7535814802409639225,2025/8/7 20:10
一,“人这一生，总有那么一些难以忘怀的瞬间！” #amv#抖音漫剪团#动漫编年史 #热血番补完计划#治愈系动漫,245,13,15,银发の半精灵,"amv,抖音漫剪团,动漫编年史,热血番补完计划,治愈系动漫",7535559957501070635,https://www.douyin.com/video/7535559957501070635,2025/8/7 12:00
一,“你才十几岁，却要等她一辈子”#MAD #AMV #二次元 #我在抖音看动漫 #动漫编年史,79356,841,7744,老鹿,"mad,amv,二次元,我在抖音看动漫,动漫编年史",7532585710994820411,https://www.douyin.com/video/7532585710994820411,2025/7/30 12:00
一,"【ae教程】AMV全流程制作八 今天给大家带来全流程的AMV教程的最后一部分，
视频里还有不懂的地方可以私信我，之后教程里也会调整讲解方法。
感谢小伙伴的充电支持！
也再次感谢大家支持！#ae #ae教程 #AMV #视频剪辑 #学习",371,24,36,Llsl,"ae,ae教程,AMV,视频剪辑,学习",7533258952805485860,https://www.douyin.com/video/7533258952805485860,2025/7/31 22:53
一,满满干货！超详细教程从零基础开始教学 让你快速入门手机专业剪辑软件！影视 动漫 变装 vlog轻松拿捏！本视频为此系列第一期-软件认识篇 带你彻底了解专业剪辑软件内的各种工具用法  下一期为特效使用篇 敬请期待！#剪辑教程 #零基础 #Blurrr #Blurrr教程 #剪辑 @Blurrr官方账号,18051,651,2887,March,"剪辑教程,零基础,blurrr,blurrr教程,剪辑,",7534850828625317180,https://www.douyin.com/video/7534850828625317180,2025/8/5 5:49
一,最有文化的一集 #搞笑配音 #鬼畜 #胡萝贝 #古诗 #古风小生,66130,3343,32597,我叫小渔人,"搞笑配音,鬼畜,胡萝贝,古诗,古风小生",7532856207640497451,https://www.douyin.com/video/7532856207640497451,2025/7/30 20:49
一,你可曾听闻有一种从天而降的掌法 #新三国 #三国 #魔改剪辑  #鬼畜#刘备,3053,169,1608,你个菠萝,"新三国,三国,魔改剪辑,鬼畜,刘备",7535052375455763738,https://www.douyin.com/video/7535052375455763738,2025/8/5 19:03
一,最能喷の一集 #王者荣耀 #刘备 #杨戬 #鬼畜,14675,169,2261,八饱舟,"王者荣耀,刘备,杨戬,鬼畜",7530973541026614570,https://www.douyin.com/video/7530973541026614570,2025/7/25 19:03
一,"#跳舞的线饭制 当你第一次玩跳舞的线鬼畜版被笑死
视频有点长",276,42,20,木佳,跳舞的线饭制,7502473738596846906,https://www.douyin.com/video/7502473738596846906,2025/5/9 23:49
一,最会画画的一集 #鬼畜 #搞笑 #抽象 #那艺娜,428,22,63,芜湖给力奥,"鬼畜,搞笑,抽象,那艺娜",7536183184065645867,https://www.douyin.com/video/7536183184065645867,2025/8/8 19:59
休,"不是休子你背后蛐蛐我，不怕我给你剪视频吗ovo
#dl休 #二创",2474,82,126,小达不刘(实习中),"dl休,二创",7509695706966314281,https://www.douyin.com/video/7509695706966314281,2025/5/29 10:57
休,点休：二创姐为何这样？#DL休 #顶流社 #羽毛的休time @DL.休,1147,109,40,Cy🪽,"dl休,顶流社,羽毛的休time,",7533670997053574438,https://www.douyin.com/video/7533670997053574438,2025/8/2 1:31
休,来听点限定黏糊糊干声 亏贼版@DL.休 #dl休 #二创 #顶流社,3966,115,681,重生之被任皇赐名极北寒天,",dl休,二创,顶流社",7512995010733690121,https://www.douyin.com/video/7512995010733690121,2025/6/7 8:18
休,边剪边笑，愣是搞了一个多小时。行，挺有节目👍#顶流社 #dl休 #直播录屏分享 #二创,2822,91,178,绿葡萄.,"顶流社,dl休,直播录屏分享,二创",7493630684234272041,https://www.douyin.com/video/7493630684234272041,2025/4/16 3:58
休,#dl休 #虚拟主播 #二创 @DL.休 不必多说，懂得都懂，下手很轻了,275,18,24,见光diē🪽ˣⁱⁱᵘ,"dl休,虚拟主播,二创,",7491565100692671782,https://www.douyin.com/video/7491565100692671782,2025/4/10 14:19
休,#dl休 #原声 #顶流社#舍得 #二创 @DL.休,1520,46,197,筱小桔🪽,"dl休,原声,顶流社,舍得,二创,",7481131038576512265,https://www.douyin.com/video/7481131038576512265,2025/3/13 11:29
休,"媚粉这一块/.
#dl休  @DL.休  #顶流社 #直播录屏分享 #二创 #无任何不良引导",3540,103,744,一只眠羊^,"dl休,,顶流社,直播录屏分享,二创,无任何不良引导",7513033840803450112,https://www.douyin.com/video/7513033840803450112,2025/6/7 10:48
休,#顶流社 #dl休 #二创 #擦边 这就是传说中的擦边吗，点休你很有名嘛,234,6,17,抹茶红豆卷,"顶流社,dl休,二创,擦边",7497614916849831202,https://www.douyin.com/video/7497614916849831202,2025/4/26 21:35
休,锐评二创 #dl休 #顶流社 #二创 #锐评 #原声 @DL.休,1222,18,123,筱小桔🪽,"dl休,顶流社,二创,锐评,原声,",7483128401428073755,https://www.douyin.com/video/7483128401428073755,2025/3/18 20:40
休,可爱捏🤏 #dl休 #rone #顶流社 #二创,240,14,4,莫西莫西呼叫时安🪽,"dl休,rone,顶流社,二创",7501004489950088508,https://www.douyin.com/video/7501004489950088508,2025/5/6 0:48
休,我将在这251秒赌上我的一切-----休比【游戏人生剧场版】 #动漫出场压迫感的bgm #超然混剪 #动漫剪辑 ##视觉盛宴#艺术在抖音 #视觉盛宴,8245,326,837,超爱吃盐的6+1唐氏老山羊咩咩咩咩咩咩咩,"动漫出场压迫感的bgm,超然混剪,动漫剪辑,视觉盛宴,视觉盛宴",7438123573803224330,https://www.douyin.com/video/7438123573803224330,2024/11/17 14:00
休,"离开踢叉踢谁还把我当小孩
#txt #崔然竣崔秀彬崔杋圭姜太显休宁凯 #这谁顶得住啊 #整活 #混剪",7805,332,779,养猪尼的脸颊肉,"txt,崔然竣崔秀彬崔杋圭姜太显休宁凯,这谁顶得住啊,整活,混剪",7336414594363084047,https://www.douyin.com/video/7336414594363084047,2024/2/17 11:56
休,"超爽踩点【TXT】用乱剪美学打开档式美学
“你是我窥见世界的眼睛”
         ——IN MY WORLD 
TXT 崔秀彬 崔然竣 崔杋圭 姜太显 休宁凯
tomorrow × together
#TXT #混剪 #kpop #崔然竣崔秀彬崔杋圭姜太显休宁凯 #男团",1340,47,84,好困💤,"txt,混剪,kpop,崔然竣崔秀彬崔杋圭姜太显休宁凯,男团",7508182425630477608,https://www.douyin.com/video/7508182425630477608,2025/5/25 9:02
休,闪天击！！！#葬送的芙莉莲 #休塔尔克 #动漫剪辑 #高燃混剪 #日漫,8668,507,354,闻愿,"葬送的芙莉莲,休塔尔克,动漫剪辑,高燃混剪,日漫",7532402055651380539,https://www.douyin.com/video/7532402055651380539,2025/7/29 15:27
龙门,"最好的顽皮麻麻 最好的群星之约 最好的龙门 @𝑇. 熊猫🎋ₓᴹ ¹²⁰⁵ @𝑇.白羽🕊️ ¹²⁰⁵ @𝑇.烁🔥¹²⁰⁵ @𝑇.Xˣ🍴 ¹²⁰⁵ @𝑇.赵无极🌌 ¹²⁰⁵ 招管理 @𝑇.熙年𒀭 ¹²⁰⁵ @𝑇.骑单车🦢 ¹²⁰⁵ @𝑇.L2👾 ¹²⁰⁵
#听潮阁二创 #听潮群星之约 #听潮阁群星之约二创 #听潮阁群星之约龙门",990,66,121,吃饭是雯雯的小狗🐶,",,,,,,,听潮阁二创,听潮群星之约,听潮阁群星之约二创,听潮阁群星之约龙门",7485779164339981602,https://www.douyin.com/video/7485779164339981602,2025/3/26 0:07
龙门,醉里挑灯看剑 梦回吹角连营 #新龙门客栈 #了不起的混剪团 #混剪暑期企划 #共鸣叙事家,38818,249,4390,AC_Blue,"新龙门客栈,了不起的混剪团,混剪暑期企划,共鸣叙事家",7528341990266686766,https://www.douyin.com/video/7528341990266686766,2025/7/18 16:51
龙门,龙门广告，简直笑skr。。。。 #古装 #广告 #超燃剪辑 #超燃混剪,389,81,99,看看鹿犬,"古装,广告,超燃剪辑,超燃混剪",7124958120492666149,https://www.douyin.com/video/7124958120492666149,2022/7/27 15:56
龙门,“寒江孤影 江湖故人 相逢何必曾相识” #龙门飞甲 #共鸣叙事家 #混剪暑期企划 #了不起的混剪团 #青年创作者成长计划,43296,232,4260,AC_Blue,"龙门飞甲,共鸣叙事家,混剪暑期企划,了不起的混剪团,青年创作者成长计划",7531300877747916058,https://www.douyin.com/video/7531300877747916058,2025/7/26 16:14
龙门,男人怎么媚眼如丝  雨化田教你#雨化田 #龙门飞甲 #陈坤 #高燃混剪 #西厂,43972,833,7487,史者,"雨化田,龙门飞甲,陈坤,高燃混剪,西厂",7430314602090466611,https://www.douyin.com/video/7430314602090466611,2024/10/27 12:55
龙门,“人不可貌相 看你这样子倒不像” #龙门客栈 #胡金铨 #了不起的混剪团 #共鸣叙事家 #混剪暑期企划,21467,280,1475,AC_Blue,"龙门客栈,胡金铨,了不起的混剪团,共鸣叙事家,混剪暑期企划",7523504971300490537,https://www.douyin.com/video/7523504971300490537,2025/7/5 16:01
龙门,"曹少钦和雨化田谁更厉害？
#新龙门客栈 #甄子丹#超燃混剪",316,36,58,0771影视,"新龙门客栈,甄子丹",7344260866356858162,https://www.douyin.com/video/7344260866356858162,2024/3/9 15:23
龙门,#视频混剪#祈龙门客栈,21,5,1,真爱一生,"视频混剪,祈龙门客栈",7505189517730155836,https://www.douyin.com/video/7505189517730155836,2025/5/17 7:28
龙门,"一梦江湖旷世奇才 喜欢坐牢吗，说话
#一梦江湖 #一梦江湖侠梦计划 #一梦江湖新门派龙门 #混剪 #莫愁乡",1594,151,1118,钱包华华响,"一梦江湖,一梦江湖侠梦计划,一梦江湖新门派龙门,混剪,莫愁乡",7527089146758696252,https://www.douyin.com/video/7527089146758696252,2025/7/15 7:50
出口,杰哥要给我康点好康的！八番出口还有二创游戏！薄海纸鱼 #薄海纸鱼 #纸鱼,15038,962,572,薄海纸鱼,"薄海纸鱼,纸鱼,,",7318325388898258186,https://www.douyin.com/video/7318325388898258186,2023/12/30 18:00
出口,"《花仙出口》 失口,乎  #创作者中心 #创作灵感 #评分9.5分以上小说 #抖音二创激励计划 #抖音美食推荐官",204,9,5,怀旧.（主号改为下面的小号，这个号不发了,"创作者中心,创作灵感,评分9.5分以上小说,抖音二创激励计划,抖音美食推荐官",7507926218911747382,https://www.douyin.com/video/7507926218911747382,2025/5/24 16:28
出口,#很喜欢这一句词，用尽伤人的话去说，都没想能不能收得回啊，出口之后却更失落，也会更难过，这是何苦呢#@明明🌙5月15晚上21:30三周年 #明明🌙星城的二创活动,403,4,6,依零🌙,"很喜欢这一句词，用尽伤人的话去说，都没想能不能收得回啊，出口之后却更失落，也会更难过，这是何苦呢,,明明🌙星城的二创活动",7501707629401836839,https://www.douyin.com/video/7501707629401836839,2025/5/7 22:17
出口,"《花仙出口》 失口,乎  #创作者中心 #创作灵感 #评分9.5分以上小说 #抖音二创激励计划 #抖音美食推荐官",44,2,2,怀旧.（主号改为下面的小号，这个号不发了,"创作者中心,创作灵感,评分9.5分以上小说,抖音二创激励计划,抖音美食推荐官",7508339860018072895,https://www.douyin.com/video/7508339860018072895,2025/5/25 19:13
出口,后来的我们—把爱说出口#电影催泪混剪 #把爱说出口 #520,40,0,3,冒冒音乐,"电影催泪混剪,把爱说出口,520",7506160720380890426,https://www.douyin.com/video/7506160720380890426,2025/5/19 22:17
出口,"他没有回头。埋在雪里的兔子和画本，会被挪威的永夜冻成琥珀，藏着所有没说出口的爱与憾。而他决心要带着这最后一场眼泪，走出这片芬布尔之冬—《芬布尔之冬》
#东纶 #同人文",3352,345,1307,Vicky.,"东纶,同人文",7535523824008973627,https://www.douyin.com/video/7535523824008973627,2025/8/7 1:21
加菲猫家族,"原来加菲小时候这怎么可爱，谁不想拥有一只这么可爱的猫呢。#加菲猫家族 #动漫推荐 #超燃混剪青 心疼欧迪1秒
",292,3,45,蚁小二-小钱,"加菲猫家族,动漫推荐,超燃混剪青",7534943937266584895,https://www.douyin.com/video/7534943937266584895,2025/8/5 11:51
加菲猫家族,原来 加菲小时候搜 这怎么可爱，谁不想拥有一只这么可爱的猫呢。#加菲猫家族 #动漫推荐 #超燃混剪,48280,2766,13262,成侯动漫,"加菲猫家族,动漫推荐,超燃混剪",7500126421449280779,https://www.douyin.com/video/7500126421449280779,2025/5/3 16:01
加菲猫家族,原来加菲小时候这怎么可爱，谁不想拥有一只这么可爱的猫呢。#加菲猫家族 #动漫推荐 #超燃混剪,1176,44,303,野原五岁,"加菲猫家族,动漫推荐,超燃混剪",7428796472453319945,https://www.douyin.com/video/7428796472453319945,2024/10/23 10:44
开心超人之时空营救,开心超人之时空营救大结局#童年动画 #我在抖音看动画 #动漫剪辑 #动漫 #动画片,167,26,10,星落之约,"童年动画,我在抖音看动画,动漫剪辑,动漫,动画片",7458528466644864294,https://www.douyin.com/video/7458528466644864294,2025/1/11 13:40
开心超人之时空营救,2️⃣开心超人之时空营救 #开心超人之时空营救 #动画剪辑 #童年动漫 #广告分成计划 #动画电影,208,14,7,🌚🌚🌚,"开心超人之时空营救,动画剪辑,童年动漫,广告分成计划,动画电影",7526593149897936178,https://www.douyin.com/video/7526593149897936178,2025/7/13 23:45
开心超人之时空营救,开心超人之时空营救大结局#童年动画 #我在抖音看动画 #动漫剪辑 #动漫 #动画片,167,26,10,星落之约,"童年动画,我在抖音看动画,动漫剪辑,动漫,动画片",7458528466644864294,https://www.douyin.com/video/7458528466644864294,2025/1/11 13:40
开心超人之时空营救,开心超人之时空营救大结局#童年动画 #我在抖音看动画 #动漫剪辑 #动漫 #动画片,167,26,10,星落之约,"童年动画,我在抖音看动画,动漫剪辑,动漫,动画片",7458528466644864294,https://www.douyin.com/video/7458528466644864294,2025/1/11 13:40
开心超人之时空营救,《开心超人之时空营救》 第四集 战神大赛，巅峰开场！ #开心超人  #开心超人之时空营救  #开心超人之逆世营救  #动画电影 #动画剪辑,7,3,2,拳头电影,"开心超人,开心超人之时空营救,开心超人之逆世营救,动画电影,动画剪辑",7512821045263486262,https://www.douyin.com/video/7512821045263486262,2025/6/6 21:06
开心超人之时空营救,开心超人之时空营救（1）#我在抖音看动画 #童年动画 #动漫剪辑 #动漫 #动画片,50,4,4,星落之约,"我在抖音看动画,童年动画,动漫剪辑,动漫,动画片",7457208188488764699,https://www.douyin.com/video/7457208188488764699,2025/1/8 0:16
开心超人之时空营救,7️⃣开心超人之时空营救 #超燃动漫剪辑 #燃剪 #国产动漫推荐 #广告分成计划 #开心超人,17,2,0,🌚🌚🌚,"超燃动漫剪辑,燃剪,国产动漫推荐,广告分成计划,开心超人",7528064131712175419,https://www.douyin.com/video/7528064131712175419,2025/7/17 22:53
开心超人之时空营救,2️⃣开心超人之时空营救 #开心超人之时空营救 #动画剪辑 #童年动漫 #广告分成计划 #动画电影,208,14,7,🌚🌚🌚,"开心超人之时空营救,动画剪辑,童年动漫,广告分成计划,动画电影",7526593149897936178,https://www.douyin.com/video/7526593149897936178,2025/7/13 23:45
开心超人之时空营救,"#开心超人联盟 #开心超人之时空营救#伽小#procreate绘画 #同人 
去看了，我产品果然是金婚了",1963,50,64,月土土土土土人,"开心超人联盟,开心超人之时空营救,伽小,procreate绘画,同人",7326836396000316712,https://www.douyin.com/video/7326836396000316712,2024/1/22 16:27
开心超人之时空营救,"复活仰卧起坐也是没办法的事情呢#伽小 #同人 #开心超人联盟 #开心超人之时空营救 #小心超人
",5260,393,273,月土土土土土人,"伽小,同人,开心超人联盟,开心超人之时空营救,小心超人",7319488226115341580,https://www.douyin.com/video/7319488226115341580,2024/1/2 21:12
开心超人之时空营救,开心超人之时空营救大结局#童年动画 #我在抖音看动画 #动漫剪辑 #动漫 #动画片,167,26,10,星落之约,"童年动画,我在抖音看动画,动漫剪辑,动漫,动画片",7458528466644864294,https://www.douyin.com/video/7458528466644864294,2025/1/11 13:40
聊斋：兰若寺,《聊斋：兰若寺》15分钟片段烧掉2000万渲染费，这钱花得值 《聊斋：兰若寺》15分钟片段烧掉2000万渲染费，这钱花得值吗？#聊斋：兰若寺 #聊斋 #动画电影 #我的观影报告 #抖音二创激励计划 #国漫,72,22,26,Karen瓜妹,"聊斋：兰若寺,聊斋,动画电影,我的观影报告,抖音二创激励计划",7526857156361063706,https://www.douyin.com/video/7526857156361063706,2025/7/14 16:50
时间之子,“超越光 就能见到你”#时间之子 #时间之子反转的含金量 #踩点技术流 #了不起的混剪团 #电影美学,9723,210,1680,椅上猫,"时间之子,时间之子反转的含金量,踩点技术流,了不起的混剪团,电影美学",7512681849723931961,https://www.douyin.com/video/7512681849723931961,2025/6/6 12:02
时间之子,追上光 就能回到过去 #时间之子 #混剪产粮团 #了不起的混剪团,8029,73,955,滴n:),"时间之子,混剪产粮团,了不起的混剪团",7512746969245240585,https://www.douyin.com/video/7512746969245240585,2025/6/6 16:16
时间之子,为了追上光 你一定很辛苦吧 人和人之间总是要告别的#时间之子 #时间之子反转的含金量#了不起的混剪团 #美学放大镜 #抖音精选,10906,549,1630,刘川枫枫,"时间之子,时间之子反转的含金量,了不起的混剪团,美学放大镜,抖音精选",7512682513057762601,https://www.douyin.com/video/7512682513057762601,2025/6/6 12:05
时间之子,时间之子混剪 #恶意举报,3,4,0,Bae,恶意举报,7536123468899781922,https://www.douyin.com/video/7536123468899781922,2025/8/8 16:08
恶兽,恶兽，莫名变得有点伤心。#同人 #二次元 #漫画推荐 #韩漫推荐,282,6,11,北辙,"同人,二次元,漫画推荐,韩漫推荐",7523558361263770938,https://www.douyin.com/video/7523558361263770938,2025/7/5 19:28
恶兽,"“恶兽”“明明是我在堕落沉沦，为什么最先失控的是悟”
“杰，我们一起杀光猴子吧”
“去吧，恶兽们”#五夏 #同人 #恶兽 #同人漫画 #五条悟夏油杰同人",30,3,1,虎鲸,"五夏,同人,恶兽,同人漫画,五条悟夏油杰同人",7514587963116932352,https://www.douyin.com/video/7514587963116932352,2025/6/11 15:19
恶兽,骇人恶兽。#迪亚哥布兰度 #骇人恶兽#同人 画了6个小时。。我满意了。#飙马野郎,1547,105,105,木习习笙,"迪亚哥布兰度,骇人恶兽,飙马野郎",7529988710230969626,https://www.douyin.com/video/7529988710230969626,2025/7/23 3:22
恶兽,骇不骇人。#毛厂速写团练 #迪亚哥布兰度 #骇人恶兽 #同人,98,0,1,水西水西,"毛厂速写团练,迪亚哥布兰度,骇人恶兽,同人",7527592575567924519,https://www.douyin.com/video/7527592575567924519,2025/7/16 16:23
恶兽,#同人 #迪亚哥布兰度 #飙马野郎 #骇人恶兽 累死了,71,7,2,海盐Kurame,"同人,迪亚哥布兰度,飙马野郎,骇人恶兽",7528284497512467738,https://www.douyin.com/video/7528284497512467738,2025/7/18 13:08
哪吒之魔童闹海,混剪了一首由唐汉霄演唱的《就是哪吒》完整版，真的超燃!《哪吒之魔童闹海》的角色曲，把哪吒那种不服输、反抗命运的精神展现得淋漓尽致，国漫崛起#就是哪吒#哪吒之魔童闹海 #哪吒2主题曲 #就是哪吒完整版 #2025年最火歌曲,34506,4788,7231,朱永添,"就是哪吒,哪吒之魔童闹海,哪吒2主题曲,就是哪吒完整版,2025年最火歌曲",7501850259070012732,https://www.douyin.com/video/7501850259070012732,2025/5/8 18:30
哪吒之魔童闹海,哪吒之魔童闹海全删减版#国产动漫 #视觉盛宴 #哪吒敖丙 #动漫混剪 #前方高能,0,0,0,镁硼铀,"国产动漫,视觉盛宴,哪吒敖丙,动漫混剪,前方高能",7536219072585927995,https://www.douyin.com/video/7536219072585927995,2025/8/8 22:18
哪吒之魔童闹海,"天命
怎么不算一种误闯天家
#藕饼 #哪吒之魔童闹海 #同人 
【画师图源：🍠：语兮】允许转载",3280,111,146,南乔,"藕饼,哪吒之魔童闹海,同人,",7531317017397071139,https://www.douyin.com/video/7531317017397071139,2025/7/26 17:16
哪吒之魔童闹海,"深情挚爱无需赘言，都在彼此的温柔眉间。图源小红书画师：_邯却却却，已授权
#藕饼 #哪吒之魔童降世 #哪吒之魔童闹海 #哪吒同人二创太香了 #同人",5147,64,316,我的神明就拜托你了,"藕饼,哪吒之魔童降世,哪吒之魔童闹海,哪吒同人二创太香了,同人",7487987836713504015,https://www.douyin.com/video/7487987836713504015,2025/3/31 22:57
哪吒之魔童闹海,"你是前世未止的心跳。前世今生的宿命感 再次相遇心还是会为彼此跳动 时间作证
图源微博画师：鹤止山川，允许转载
#藕饼 #哪吒之魔童闹海 #哪吒之魔童降世 #哪吒同人二创太香了 #同人",3644,98,113,我的神明就拜托你了,"藕饼,哪吒之魔童闹海,哪吒之魔童降世,哪吒同人二创太香了,同人",7504868393485421876,https://www.douyin.com/video/7504868393485421876,2025/5/16 10:42
哪吒之魔童闹海,"待到山花烂漫时。图源微博：浅笑-椒解别来点赞，已授权
#藕饼 #哪吒之魔童降世 #哪吒之魔童闹海 #哪吒同人二创太香了 #同人",8135,341,493,我的神明就拜托你了,"藕饼,哪吒之魔童降世,哪吒之魔童闹海,哪吒同人二创太香了,同人",7502376249994890536,https://www.douyin.com/video/7502376249994890536,2025/5/9 17:31
哪吒之魔童闹海,"第一次吃嘴差点把人亲晕掉。图源小红书画师：语兮，已授权
#藕饼 #哪吒之魔童降世 #哪吒之魔童闹海 #哪吒同人二创太香了 #同人",11420,196,696,我的神明就拜托你了,"藕饼,哪吒之魔童降世,哪吒之魔童闹海,哪吒同人二创太香了,同人",7500908610744143104,https://www.douyin.com/video/7500908610744143104,2025/5/5 18:36
哪吒之魔童闹海,"目前看到最震撼的同人。。
画师（wb/xhs）：逗号客栈
#哪吒 #哪吒之魔童闹海",153410,1358,23348,西红柿日志,"哪吒,哪吒之魔童闹海",7470871798448524601,https://www.douyin.com/video/7470871798448524601,2025/2/13 19:58
哪吒之魔童闹海,"*现代pa.这次不画冲天炮了换个发型玩玩【？
 我们吒吒正是穿衣服要立领子的年纪…
图源LOF画师：七良浴白川，已授权
#藕饼 #同人 #哪吒之魔童闹海 #哪吒同人二创太香了",21915,276,2237,我的神明就拜托你了,"藕饼,同人,哪吒之魔童闹海,哪吒同人二创太香了",7473302020074523944,https://www.douyin.com/video/7473302020074523944,2025/2/20 9:09
哪吒之魔童闹海,“我绝不会弃你而不顾”（画点）#藕饼 #哪吒之魔童闹海 #绘画 #同人,20050,192,918,子明木,"藕饼,哪吒之魔童闹海,绘画,同人",7470378308253846793,https://www.douyin.com/video/7470378308253846793,2025/2/12 12:03
哪吒之魔童闹海,我剪的时候都没蚌住 #哪吒之魔童闹海 #鬼畜 #鬼畜剧场 #鬼畜配音,2878,108,708,不抽象的真菌零_Jack,"哪吒之魔童闹海,鬼畜,鬼畜剧场,鬼畜配音",7470026453816528165,https://www.douyin.com/video/7470026453816528165,2025/2/11 13:20
