anime,followers,posts
玉米的歌声,,
星期五晚上的胡萝卜,,
晚高峰,4,2
日出原理,,
明日恐惧症,,
每天朝山顶推一秒的石头,,
唤醒石头里存在的生命,,
洞天,9,51
冬日追逐,,
心奇爆龙战车,37,7
屈原,4835,2708
卡卡虎大冒险,7,3
妖道至尊,22161,8203
斗破苍穹,2364740,1956606
毛毛镇,,
无脑魔女,63,22
新大头儿子和小头爸爸 欢乐亲子营,2555,617
中国畅想曲,,
棉花糖和云朵妈妈 快乐生活,35,17
奇奇和努娜,,
小绿和小蓝,20991,1052
怪兽小馆,,
时光代理人,5797,997
四格勇者,23,3
第一序列,6728,2177
镇魂街,161431,22222
小鹿蓝蓝,1,4
拇指总动员,,
我玩游戏成了绝世强者,,
神兽小岛,,
节气小精灵,0,1
异空战歌,12,5
巧虎奇幻舞台历险记,,
少年英雄小哪吒,5,2
霸王龙雷奇,,
机米和露露,,
雪王驾到,8,2
魔法学院,2279,78
如果历史是一群喵,1076,339
诸葛亮,62827,25095
嗨！三宝,,
凹凸学园,1,1
给我来个小狐狸,6,11
天界代购店,,
傲世九重天,1270938,492275
明日方舟：冬隐归路,,
三十六骑,19,13
都市神医：七个师姐保我无敌,,
猪猪侠益智课堂,,
小品一家人,25,63
超变战陀,959,244
正经少主的幸福生活,,
少年歌行,23693,5299
钢铁飞龙,4423,3602
七侯笔录,7,4
炫卡斗士,128,90
你的人生是我来迟了,,
月魁传 动态漫画,543,269
哑舍,313575,15096
十方武圣,2998,5022
淘气猪多多,,
不死不灭,7369,4187
变形联盟,,
小刻的画图写话,,
猪猪侠,14171,3730
燃夏,7,10
胶囊计划,14,7
盟卡车神,58,12
槑好时光·城南忆事,,
桃花扇,693,18
风雪山神庙,47,27
年,946,99
路,1507,8
仙王的日常生活,6076,872
火星西路,,
命运拳台,236,50
原来我早就无敌了,7,93
盐友,6,3
贝肯熊：火星任务,,
枕刀歌,963,335
乖桃与闹瓜,,
妙趣横生故事汇,,
我们渡江啦,,
春芽宝贝,14,23
故事王国,0,1
中华民间故事,,
智慧村的故事,,
彩虹森林的故事,,
啾啾成长记,,
小鸡丫丫的日常百科,,
丫丫的日常百科,,
船员历险记,,
托宝战士,,
百变雄师,589,238
蔬菜不寂寞,,
萌果乐多多,,
妙趣横生恐龙世界,,
出动 安全救援号,10,14
参娃与天池怪兽,12,26
中华上下五千年,488,302
猪多多成长日记,,
奇妙大冒险,,
故事小号手,,
神奇飞船,,
快乐的海洋,,
威力成长记,,
乐比悠悠学成语,,
不一样的科学故事,,
不一样的语文故事,,
不一样的数学故事,,
贾老爷开店,,
乐儿智慧王国 博览名著,,
乐儿智慧王国 七巧板,519,327
乐儿智慧王国 奇幻科普,,
小强与旺财,2,1
安全小卫士,,
中华美德 成语教育动画,56,131
繁花似锦,249,58
好伙伴,49,30
漫虫记,2,6
豫游记,,
淘淘与小布,,
阿U学堂,,
三只兔子,3,3
阿优学科学,,
尼尼和她的好朋友,,
南瓜学院,,
穿越云南三千年 云小志漫游记,,
钟南山的故事,,
天眼之父南仁东,,
黑云国历险记,,
东方探秘谷,,
趣说经典,,
我在未来有套房,2,2
王安石与鄞县,5241,2072
都市最强仙尊,14,29
我靠签到逆天改命,,
我在魔界当大佬,,
弟子都说我无敌,,
超级微信,47,31
史上最强,3530,922
都市最强房东,,
重生归来：直接无敌,,
不白吃古诗词漫游记,,
我的弟子都超神,,
地下城与勇士,14327500,13858921
大宇宙时代,48950,89208
异人君莫邪,,
万古第一神,2077,1150
亏成首富从游戏开始,804,315
四季童年,,
旅途危机！圣芙蕾雅号特别事件,,
咸鱼哥,161,61
一世之尊,128505,90712
百妖谱,2962,424
捕星司·源起,,
开心超人,72562,82483
五侠笑闯中洲,,
牧神记,28291,29311
守龙者,9,8
神道帝尊,154,357
山山田田间,,
宗门里除了我都是卧底,61,70
白蛇：浮生,,
大道朝天,29671,27001
喜羊羊与灰太狼,161211,195065
虎鹤妖师录,161,23
盒中之海,11,6
食草老龙被冠以恶龙之名,114,26
伍六七,971,96
头脑特工队,9933,554
虫小绿历史为什么,,
星星班长,,
黑神话：悟空,,
小小知道,,
哈小浪,12,10
神奇马戏团,216,4
伞少女,32,11
时光的画笔,,
成语中国,,
万渣朝凰,624,127
炼气练了三千年,238,62
传闻中的白月光,,
笼中人,27,9
爆炫星陀,12,10
怪想售,5,9
绿毛怪格林奇,29,13
赘婿,111278,78908
神奇的朋友 咖宝蛋神,19,1
白色闪电,1072,66
咖宝车神,6,3
我的三体,4251,632
精灵梦叶罗丽,32380,5123
民调局异闻录,67352,28287
我叫MT,229796,101534
小花仙,319519,350064
无聊就完结,,
阿诺德和他可爱的木偶们,,
赛尔号,507310,1059436
彩虹宝宝,69,71
百工灵,,
一,,
休,107,101
心源,11,15
小诗人,12,21
龙门,14175,5167
出口,31815,23292
猪猪侠大电影·星际行动,,
从姑获鸟开始,7617,2343
今天的晚餐就是你,,
幻宠师,,
风速少年团,,
邂逅她的少女时代,,
小药童也想修仙,,
回铭,19,8
我在修仙世界朝九晚五,,
鲲吞天下,134,36
宝莲灯,38872,23808
没头脑和不高兴,2022,89
猪猪·吉利·小财神,,
百变宝贝,111,79
中华美德,56,131
超级球迷,1,4
魔鬼芯片,14,6
土红色的骆驼,2,3
西游漫记,12,15
白玉堂,24232,3723
财宝小狐狸,,
飞龙天降,,
钟点父子,0,1
三十六计奇遇记,5,1
小草帽,108,130
小和尚,158,239
家有开心果,,
红孩儿传奇,2,2
怪城,4,7
咕噜先生,0,2
民族风情,137,121
风尘小游侠,2,6
聪明的笨小猪,2,2
隐身探长,,
大森林里的小故事,,
红鼻子,523,158
地上城与勇士,282,639
银河封神纪,1,2
反派初始化,705,112
FLUFFY LAND,18,43
超变兽车侠,,
虚无边境,18,9
神之一脚,131,102
没牙的老虎,,
皮皮的故事,2,2
巴塔木晚安故事,,
小鸡彩虹,55,72
林海雪原,3231,1299
仙女奇缘,2,14
逐梦少年,88,607
少年苏东坡传奇,,
梦想总动员,198,46
探险中的小百科,,
乌鸦为什么是黑的,,
东郭先生,40,100
小蛋壳,135,31
女娲补天,311,39
假如我是武松,,
狼来了,412,8
鹿铃,19,7
小熊猫学木匠,,
曹冲称象,9,5
善良的夏吾冬,10,3
抬驴,15,5
猴子捞月,26,5
崂山道士,314,123
真假李逵,,
南郭先生,122,31
人参果,9664,504
三个和尚,69,153
张飞审瓜,,
雪孩子,666,453
老狼请客,7,4
好猫咪咪,21,45
愚人买鞋,8,2
熊猫百货商店,7,3
画廊一夜,,
大英雄狄青,1545,497
猩猩探长,,
牛牛和西西,,
应该靠自己,,
快乐家家车,2173,108
怪老头儿,91,47
大盗贼,440,379
汉化日记,497,70
大雨,287,90
奶泡泡学成语,,
瑞奇宝宝,12,3
缔灵爱,31,7
苍兰诀,1745,525
新·异常生物见闻录：序,,
嫁人就嫁灰太狼,475,313
明日方舟：焰烬曙明,,
山海封神,10,5
这个大佬画风不对,8,25
重生,190632,19771
最强反套路系统,2571,802
我真的不想当,,
我在末世搬金砖,,
我的师傅每到大限才突破,20,30
神豪,246,130
从不出手的我混成了天榜大佬·,,
从零开始当首富,,
道君,11196,11669
掌门低调点,18,53
最强神王,0,10
我真不是大反派啊,,
重生都市天尊,,
开局一条鲲,12,7
最强神赐,,
系统逼我做反派,,
圣尊助理的我已经无敌了,,
都市阴阳仙医,,
相亲式修真道侣,,
最强弃少,354880,101233
大象无形,1937,5634
龅牙的快乐生活,,
金蚕往事,,
天命出马仙,53,108
亡灵天灾：我抬手百万骨海,,
君有云,539,266
航天双子星,,
精灵蒲公英,,
米乐米可,9,18
跳跳鱼世界故事会,,
新大头儿子和小头爸爸 智能小当家,2555,617
福娃,1884,22769
封灵特优生,,
灵笼,59894,14882
我的弟子遍布诸天万界,,
U探泰拉,,
大侠请上功,,
反派师尊的我带着徒弟们天下无敌,,
目标一亿积分,,
念无双,26,8
凸变英雄X,169,53
我的师兄太强了,,
虹猫蓝兔海底历险记,506,676
虹猫蓝兔七侠传,69152,101702
海尔兄弟高清,,
凹凸世界·Reborn,,
冰封末日：绝无生还之路,,
真理面具,1081,137
长歌行,58399,6620
木木博士,,
猪多多,4,2
君子无疾,,
那年那兔那些事儿,1108291,72064
三国演义,306635,348950
小鲤鱼历险记,3635,7662
蛮荒仙界,113,111
美猴王,2744,1321
哪吒传奇,4586,2778
火凤燎原,84900,57200
天命大主宰,,
赛几传说,,
请吃红小豆吧！食物世界,,
不白吃话山海经,,
聪明的阿凡提,,
知宝学堂,,
是王者啊？,,
宝宝乐学堂,,
可可小爱快乐学知识,,
小蜜蜂,1429,15
欢乐小狮子,,
开心动物园,14,4
大侦探熊猫猪,0,1
乐比悠悠,82,48
奇特益智工程车,,
小神有戏,,
喷喷象小百科,,
中华名人小课堂,,
多多趣味识字课堂,,
趣说中华名人故事,,
菠萝王国,0,0
中华诗歌故事,,
数学魔法,,
棒波免的海洋之旅,,
荒岛历险记,,
纳尤古传奇,,
嘀嗒传奇,,
纸朋友,,
冒险小王子,799,850
奇趣特工队,7,2
灵草小战士,,
龙宝小英雄,,
闪亮闪亮太伶美,,
魔方战士,,
新大头儿子和小头爸爸传奇兜兜,2555,617
棉花糖和云朵妈妈超级小米花,,
号牛乃唐,,
青田小田鱼,,
我是发明家,77,35
大运河奇缘,1,1
嘟嘟小分队,,
魔法可可,5,1
转战,11,15
山海宝贝,82,37
半蛋龙,,
星原小宝,53,32
大宝大牙科学探索,,
绿野森林的故事,,
豆豆一家人,,
超元绝战,102,79
功夫萌娃,,
土波兔,,
始祖的足迹,,
中华优秀传统文化系列动画片,,
童心向阳,,
凿壁偷光-匡衡的传说,,
孔子见老子,,
孔子归来,0,1
论语智慧,,
飞天狐和卡卡,,
橡树餐厅,,
汽车星球,,
恐龙时代,1700,2206
乐园市的快乐日常,,
小鸡丫丫动起来,,
光影天炎战甲,,
百变校巴,54,9
罗米熊与丹米兔,,
跳跳鱼世界,1,8
小刺猬吉吉,,
工程车救援行动队,,
小小的世界,13,19
鹿宝贝朗迪,,
快乐熊兜兜,,
怪兽家族,33,31
阿U学英语,,
乌龙院,13643,4618
乐儿智慧乐园 幼儿启蒙,67,70
乐儿智慧乐园 世界各国,91,50
猪猪侠恐龙爆笑研究所,,
猪猪侠爆笑科普乐园,,
百变校巴成语故事,,
核晶少年,604,163
疯狂小糖,592,446
你好！卟卟,,
百变校巴成长绘本,,
百变校巴英文儿歌,,
奇特工程车,,
漫赏秦腔,0,3
爸爸妈妈小时候的故事,2,1
天外福星,,
飞越五千年,43,2
晓晓成长日记,,
奇奇妙妙博物馆,,
彭祖传奇,9156,6
水果三国,0,1
杰米熊,1252,632
百变布鲁可,11,11
车宝乐园,,
汽车世界城市大冒险,,
公众应急知识,,
鸭丫俱乐部,,
中华廉政故事,,
火火兔学古诗,,
快乐熊猫一家人,,
中医药里的故事,,
一千零一夜,10335,1214
小猫威力,,
神奇小队,,
神奇画笔看世界,,
小豆的微观世界,,
儿童小百科,,
探索生活小百科,,
木头岛的故事,,
成语诗词荟萃,,
反诈小分队,,
小羊哈哈童年日记,,
桃花夫人,24,21
快乐小郑星,8,5
雪王,32,5
胶囊计划 英雄,14,7
全职高手荣耀小剧场,,
恰同学少年,8063,6879
暂停！智序重组,,
元气奇事,,
紫川,68819,55202
开局地摊卖大力,468,123
在下“英台”,,
双生武魂,2,1
非人哉,23652,2339
是假千金也要手握团宠剧本,,
龙族Ⅱ,,
通灵妃,2148,199
妖神记,56022,12201
斗罗大陆剧场版 剑道尘心,33,20
我为刀宗,,
赵琳的探险日记,379,335
云深不知梦,189,148
葫芦兄妹,31,36
夜光溯明,,
凌天独尊,3,107
《崩坏：星穹铁道》动画短片：「听！狂欢在那神佑的山巅」,,
【无职转生同人动画】血契之约,,
鬼吹灯,844606,76574
后羿,1097,170
武碎星河,8,16
玲珑骰,11,4
神墓,137993,118028
缥缈剑仙传,,
万剑王座,,
斗破苍穹 年番,2364741,1956606
信息素说我们不可能,,
猫和老鼠：星盘奇缘,,
向着星辰的长征,,
