series_name,Airdate
玉米的歌声,2023/6/10
星期五晚上的胡萝卜,2023/6/10
晚高峰,2023/6/10
日出原理,2023/6/10
明日恐惧症,2023/6/10
每天朝山顶推一秒的石头,2023/6/10
唤醒石头里存在的生命,2023/6/10
洞天,2023/6/10
冬日追逐,2023/6/10
心奇爆龙战车之暴龙出击 第三季,2023/6/15
屈原,2023/6/20
卡卡虎大冒险 第四季,2023/6/21
妖道至尊,2023/6/22
斗破苍穹 动态漫 第四季,2023/6/29
毛毛镇之海洋大发现,2023/7/3
无脑魔女,2023/7/4
新大头儿子和小头爸爸 欢乐亲子营,2023/7/8
中国畅想曲,2023/7/8
棉花糖和云朵妈妈 快乐生活2,2023/7/8
奇奇和努娜2,2023/6/6
小绿和小蓝 第二季,2023/7/12
怪兽小馆,2023/7/13
时光代理人 第二季,2023/7/14
四格勇者,2023/7/17
第一序列,2023/7/19
镇魂街 第三季,2023/7/29
小鹿蓝蓝,2023/8/1
拇指总动员6：明珠黑影,2023/8/2
拇指总动员5：风暴之眼,2023/8/2
拇指总动员2：雨林奇遇,2023/8/2
拇指总动员4：雪山寻鹿,2023/8/2
拇指总动员,2023/8/2
我玩游戏成了绝世强者,2023/8/5
神兽小岛 第1季,2023/8/9
节气小精灵,2023/8/17
异空战歌,2023/8/17
巧虎奇幻舞台历险记,2023/6/1
少年英雄小哪吒,2023/8/22
霸王龙雷奇,2023/8/24
机米和露露,2023/11/18
雪王驾到,2023/8/25
魔法学院 第六季,2023/8/30
如果历史是一群喵 宋辽金夏篇,2023/9/10
诸葛亮之定军山,2023/9/11
嗨！三宝,2023/9/19
2023-2024 bilibili国创动画作品发布会,2023/9/26
小绿和小蓝 第三季,2023/9/27
凹凸学园 第三季,2023/9/29
给我来个小狐狸,2023/9/29
天界代购店 动态漫,2023/10/1
傲世九重天,2023/10/1
明日方舟：冬隐归路 中配版,2023/10/7
明日方舟：冬隐归路,2023/10/7
三十六骑,2023/10/9
都市神医：七个师姐保我无敌,2023/10/13
猪猪侠益智课堂4,2023/10/17
小品一家人之神探修勾,2023/10/17
超变战陀5百变战陀,2023/10/20
正经少主的幸福生活,2023/10/22
少年歌行 海外仙山篇,2023/10/25
钢铁飞龙4捕梦奇兵,2023/10/27
七侯笔录,2023/10/28
炫卡斗士之猛兽能量,2023/11/3
你的人生是我来迟了,2023/11/7
月魁传 动态漫画,2023/11/9
哑舍 动态漫 第二季,2023/11/10
哑舍 动态漫 第一季,2023/11/10
十方武圣,2023/11/10
淘气猪多多之我爱画画 第三季,2023/11/15
不死不灭,2023/11/16
机米和露露 第二季,2023/11/18
变形联盟之越空勇者,2023/11/24
小刻的画图写话 中配版,2023/12/1
小刻的画图写话,2023/12/1
猪猪侠之益智课堂5,2023/12/1
燃夏,2023/12/3
胶囊计划 第二季,2023/12/5
盟卡车神之魔幻元珠 第三季,2023/12/8
槑好时光·城南忆事,2023/12/8
桃花扇,2023/11/10
风雪山神庙,2023/11/10
年,2023/11/10
路,2023/11/10
仙王的日常生活 第四季,2023/12/17
火星西路7号,2023/12/20
命运拳台,2023/12/22
原来我早就无敌了 动态漫,2023/12/29
盐友 动态漫,2023/12/31
贝肯熊：火星任务,2023/9/28
枕刀歌 第二季,2023/12/5
乖桃与闹瓜 第二季,2023/12/1
妙趣横生故事汇,2023/12/13
我们渡江啦,2023/12/13
我们渡江啦 第二季,2023/12/13
春芽宝贝,2023/12/13
故事王国之乐在其中,2023/12/13
中华民间故事 第一季,2023/12/13
智慧村的故事 第一季,2023/12/13
彩虹森林的故事,2023/12/13
啾啾成长记,2023/12/13
小鸡丫丫的日常百科 第二季,2023/12/13
丫丫的日常百科 第一季,2023/12/13
船员历险记之其乐融融,2023/12/13
托宝战士之银河勇士战记,2023/12/14
托宝战士之我教你画,2023/12/14
托宝战士之施望的秘密,2023/12/14
托宝战士之热血再燃,2023/12/14
托宝战士之顶峰对决,2023/12/14
托宝战士之银河保卫战,2023/12/14
托宝战士之银河大激斗,2023/12/14
百变雄师 第四季,2023/12/14
百变雄师 第三季,2023/12/14
百变雄师 第二季,2023/12/14
百变雄师,2023/12/14
蔬菜不寂寞 第四十二季,2023/12/15
蔬菜不寂寞 第四十一季,2023/12/15
蔬菜不寂寞 第四十季,2023/12/15
蔬菜不寂寞 第三十九季,2023/12/15
蔬菜不寂寞 第三十八季,2023/12/15
蔬菜不寂寞 第三十七季,2023/12/15
蔬菜不寂寞 第三十六季,2023/12/15
蔬菜不寂寞 第三十五季,2023/12/15
蔬菜不寂寞 第三十四季,2023/12/15
蔬菜不寂寞 第三十三季,2023/12/15
蔬菜不寂寞 第三十二季,2023/12/15
蔬菜不寂寞 第三十一季,2023/12/15
萌果乐多多之水果勋章 第二季,2023/12/15
妙趣横生恐龙世界,2023/12/15
出动 安全救援号 第一季,2023/12/15
参娃与天池怪兽 第三季,2023/12/15
淘气猪多多之我爱画画 第二季,2023/12/15
中华上下五千年之名人故事篇 第一季,2023/12/15
猪多多成长日记 第二季,2023/12/20
奇妙大冒险,2023/12/18
故事小号手,2023/12/18
神奇飞船之中华寻宝,2023/12/18
快乐的海洋,2023/12/19
威力成长记,2023/12/20
乐比悠悠学成语,2023/12/20
不一样的科学故事,2023/12/20
不一样的语文故事,2023/12/20
不一样的数学故事,2023/12/20
贾老爷开店,2023/12/20
乐儿智慧王国 博览名著 第一季,2023/12/20
乐儿智慧王国 七巧板,2023/12/20
乐儿智慧王国 奇幻科普,2023/12/20
小强与旺财,2023/12/20
安全小卫士 第二季,2023/12/20
安全小卫士,2023/12/20
中华美德 成语教育动画,2023/12/20
繁花似锦,2023/12/20
好伙伴,2023/12/20
漫虫记 第二季,2023/12/20
心奇爆龙战车之永宝帮帮忙,2023/12/20
豫游记之信阳篇,2023/12/20
淘淘与小布,2023/12/20
猪多多成长日记 第二季,2023/12/20
中华上下五千年之民间故事传说,2023/12/20
小绿和小蓝 第四季,2023/12/20
阿U学堂之中华诗词篇,2023/12/25
三只兔子 第二季,2023/12/25
阿优学科学 第二季,2023/12/25
三只兔子,2023/12/25
尼尼和她的好朋友,2023/12/1
南瓜学院,2023/12/1
穿越云南三千年 云小志漫游记 第三季,2023/12/1
钟南山的故事,2023/12/26
天眼之父南仁东,2023/12/26
黑云国历险记,2023/8/4
东方探秘谷之游乐成语庄,2024/1/1
趣说经典之论语学堂,2024/1/1
我在未来有套房,2024/1/5
王安石与鄞县,2024/1/10
都市最强仙尊,2024/1/12
我靠签到逆天改命,2024/1/13
我在魔界当大佬,2024/1/13
弟子都说我无敌,2024/1/13
超级微信,2024/1/13
史上最强,2024/1/13
都市最强房东,2024/1/13
重生归来：直接无敌,2024/1/13
不白吃古诗词漫游记 第一季,2024/1/14
我的弟子都超神 第二季,2024/1/17
变形联盟之雷霆再起,2024/1/17
地下城与勇士之破界少女 日语版,2024/1/18
地下城与勇士之破界少女,2024/1/18
大宇宙时代,2024/1/22
异人君莫邪,2024/1/24
万古第一神,2024/2/2
亏成首富从游戏开始,2024/2/3
四季童年,2023/12/15
旅途危机！圣芙蕾雅号特别事件,2024/2/9
咸鱼哥 第二季,2024/2/15
一世之尊,2024/2/18
百妖谱·司府篇,2024/2/23
捕星司·源起,2024/2/29
开心超人之时空营救,2024/1/20
五侠笑闯中洲,无
牧神记,24年10月开播
守龙者,24年10月开播
神道帝尊,24年10月开播
山山田田间,24年10月开播
宗门里除了我都是卧底,24年10月开播
白蛇：浮生,24年10月开播
大道朝天,24年10月开播
喜羊羊与灰太狼之守护,24年10月开播
虎鹤妖师录,24年10月开播
盒中之海,24年10月开播
食草老龙被冠以恶龙之名 第二季 日语版,24年10月开播
食草老龙被冠以恶龙之名 第二季,24年10月开播
伍六七之记忆碎片,24年10月开播
头脑特工队2,24年10月开播
虫小绿历史为什么之生活篇,24年10月开播
星星班长 第二季,24年9月开播
星星班长,24年9月开播
黑神话：悟空,24年9月开播
小小知道之恐龙世界大冒险,24年9月开播
哈小浪之星域大冒险,24年9月开播
神奇马戏团之动物饼干,24年9月开播
盟卡车神之龙兽觉醒,24年8月开播
斗破苍穹 动态漫 第五季,24年8月开播
伞少女,24年8月开播
时光的画笔,24年8月开播
成语中国 第一季,24年8月开播
如果历史是一群喵 南宋金元篇,24年8月开播
万渣朝凰 第四季,24年8月开播
万渣朝凰 第三季,24年8月开播
万渣朝凰 第二季,24年8月开播
万渣朝凰 第一季,24年8月开播
炼气练了三千年 第三季,24年8月开播
炼气练了三千年 第二季,24年8月开播
炼气练了三千年 第一季,24年8月开播
传闻中的白月光,24年8月开播
笼中人,24年8月开播
爆炫星陀,24年8月开播
怪想售,24年8月开播
盟卡车神之魔幻对决W,24年8月开播
咖宝车神之飞天战队,24年8月开播
绿毛怪格林奇,24年8月开播
咖宝车神之拯救联盟（下）,24年7月开播
赘婿 第二季,24年7月开播
咖宝车神之拯救联盟（上）,24年7月开播
神奇的朋友 咖宝蛋神,24年7月开播
白色闪电,24年7月开播
喜羊羊与灰太狼之跨时空救兵,24年7月开播
咖宝车神之时空守护,24年7月开播
我的三体 第四季,24年7月开播
精灵梦叶罗丽 第10季,24年7月开播
精灵梦叶罗丽 第9季,24年7月开播
精灵梦叶罗丽 第8季,24年7月开播
精灵梦叶罗丽 第7季,24年7月开播
精灵梦叶罗丽 第6季,24年7月开播
精灵梦叶罗丽 第5季,24年7月开播
精灵梦叶罗丽 第4季,24年7月开播
精灵梦叶罗丽 第3季,24年7月开播
精灵梦叶罗丽 第2季,24年7月开播
民调局异闻录 第2季,24年7月开播
我叫MT 第七季,24年7月开播
小花仙 第五季 春季篇,24年7月开播
小花仙 第四季,24年7月开播
小花仙 第三季,24年7月开播
不白吃古诗词漫游记 第二季,24年7月开播
无聊就完结,24年7月开播
阿诺德和他可爱的木偶们 日文版,24年7月开播
赛尔号 第3季,24年7月开播
赛尔号 第4季,24年7月开播
赛尔号 第5季,24年7月开播
赛尔号 第6季,24年7月开播
赛尔号 第7季,24年7月开播
赛尔号 第8季,24年7月开播
赛尔号 第9季,24年7月开播
彩虹宝宝 第六季,24年7月开播
彩虹宝宝 第五季,24年7月开播
赛尔号 第10季,24年6月开播
百工灵,24年6月开播
一,24年6月开播
休,24年6月开播
心源,24年6月开播
小诗人,24年6月开播
龙门,24年6月开播
出口,24年6月开播
猪猪侠大电影·星际行动,24年6月开播
从姑获鸟开始之龙城风云,24年6月开播
今天的晚餐就是你,24年6月开播
喜羊羊与灰太狼,24年6月开播
幻宠师,24年5月开播
风速少年团 第1季,24年5月开播
邂逅她的少女时代,24年5月开播
小药童也想修仙,24年5月开播
咸鱼哥 第二季 粤语版,24年5月开播
虫小绿历史为什么之发明篇,24年5月开播
虫小绿历史为什么之神话篇,24年5月开播
回铭之烽火三月,24年5月开播
我在修仙世界朝九晚五,24年5月开播
鲲吞天下 动态漫,24年5月开播
宝莲灯,24年5月开播
没头脑和不高兴,24年4月开播
猪猪·吉利·小财神,24年4月开播
百变宝贝,24年4月开播
中华美德,24年4月开播
超级球迷,24年4月开播
魔鬼芯片,24年4月开播
土红色的骆驼,24年4月开播
西游漫记,24年4月开播
白玉堂,24年4月开播
财宝小狐狸,24年4月开播
飞龙天降,24年4月开播
钟点父子,24年4月开播
三十六计奇遇记,24年4月开播
小草帽,24年4月开播
小和尚,24年4月开播
家有开心果,24年4月开播
红孩儿传奇,24年4月开播
怪城,24年4月开播
咕噜先生,24年4月开播
民族风情,24年4月开播
风尘小游侠,24年4月开播
聪明的笨小猪,24年4月开播
隐身探长,24年4月开播
大森林里的小故事,24年4月开播
红鼻子,24年4月开播
地上城与勇士,24年4月开播
银河封神纪 第1季,24年4月开播
反派初始化,24年4月开播
FLUFFY LAND 动态漫,24年4月开播
FLUFFY LAND 动态漫 英语版,24年4月开播
超变兽车侠,24年4月开播
虚无边境 粤语版,24年4月开播
开心超人之时空营救,24年4月开播
虚无边境,24年4月开播
超变战陀之百变战陀2,24年4月开播
神之一脚,24年4月开播
阿诺德和他可爱的木偶们 英文版,24年4月开播
没牙的老虎,24年4月开播
皮皮的故事,24年4月开播
阿诺德和他可爱的木偶们 繁体中文版,24年4月开播
阿诺德和他可爱的木偶们,24年4月开播
巴塔木晚安故事 第一季,24年3月开播
巴塔木晚安故事 第二季,24年3月开播
巴塔木晚安故事 第三季,24年3月开播
小鸡彩虹 第七季,24年3月开播
小鸡彩虹 第八季,24年3月开播
林海雪原,24年3月开播
参娃与天池怪兽 第二季,24年3月开播
参娃与天池怪兽,24年3月开播
仙女奇缘,24年3月开播
逐梦少年,24年3月开播
少年苏东坡传奇,24年3月开播
梦想总动员,24年3月开播
探险中的小百科,24年3月开播
故事王国之学以致用,24年3月开播
小绿和小蓝 第五季,24年3月开播
乌鸦为什么是黑的,24年3月开播
东郭先生,24年3月开播
小蛋壳,24年3月开播
女娲补天,24年3月开播
假如我是武松,24年3月开播
狼来了,24年3月开播
鹿铃,24年3月开播
小熊猫学木匠,24年3月开播
曹冲称象,24年3月开播
善良的夏吾冬,24年3月开播
抬驴,24年3月开播
猴子捞月,24年3月开播
崂山道士,24年3月开播
真假李逵,24年3月开播
南郭先生,24年3月开播
人参果,24年3月开播
三个和尚,24年3月开播
张飞审瓜,24年3月开播
雪孩子,24年3月开播
老狼请客,24年3月开播
好猫咪咪,24年3月开播
愚人买鞋,24年3月开播
熊猫百货商店,24年3月开播
画廊一夜,24年3月开播
大英雄狄青,24年3月开播
猩猩探长,24年3月开播
牛牛和西西,24年3月开播
应该靠自己,24年3月开播
快乐家家车,24年3月开播
怪老头儿,24年3月开播
大盗贼,24年3月开播
汉化日记 第四季,24年3月开播
大雨,24年3月开播
奶泡泡学成语 第四季,24年3月开播
奶泡泡学成语 第三季,24年3月开播
奶泡泡学成语 第二季,24年3月开播
奶泡泡学成语 第一季,24年3月开播
瑞奇宝宝 第四季,24年3月开播
缔灵爱之默水玲珑,2025/7/11
苍兰诀,2025/7/9
新·异常生物见闻录：序,2025/7/9
嫁人就嫁灰太狼,2025/7/4
明日方舟：焰烬曙明,2025/7/4
明日方舟：焰烬曙明 中配版,2025/7/4
山海封神 动态漫,2025/6/28
这个大佬画风不对 动态漫,2025/6/28
重生之神级败家子 动态漫,2025/6/28
最强反套路系统 第二季 动态漫,2025/6/28
我真的不想当第一 动态漫,2025/6/28
我在末世搬金砖 动态漫,2025/6/28
我的师傅每到大限才突破 动态漫,2025/6/28
神豪之天降系统 动态漫,2025/6/28
从不出手的我混成了天榜大佬·动态漫,2025/6/28
从零开始当首富 动态漫,2025/6/28
道君 动态漫,2025/6/28
掌门低调点 动态漫 第三季,2025/6/28
掌门低调点 动态漫 第二季,2025/6/28
最强神王 动态漫,2025/6/28
我真不是大反派啊 动态漫,2025/6/28
重生都市天尊 动态漫,2025/6/28
开局一条鲲 动态漫,2025/6/28
最强神赐 动态漫,2025/6/28
系统逼我做反派 动态漫,2025/6/28
圣尊助理的我已经无敌了 动态漫,2025/6/28
都市阴阳仙医 动态漫,2025/6/28
相亲式修真道侣 动态漫,2025/6/28
最强弃少 动态漫,2025/6/28
大象无形 动态漫,2025/6/27
龅牙的快乐生活,2025/6/20
金蚕往事,2025/6/2
天命出马仙 动态漫,2025/5/31
亡灵天灾：我抬手百万骨海 动态漫,2025/5/29
君有云 第二季,2025/5/28
魔法学院 第三季,2025/5/26
航天双子星 第二季,2025/5/26
精灵蒲公英,2025/5/26
米乐米可之欢乐海豚岛 第二季,2025/5/26
跳跳鱼世界故事会,2025/5/26
心奇爆龙战车之恐龙帮帮忙,2025/5/26
新大头儿子和小头爸爸 智能小当家,2025/5/26
福娃,2025/5/23
封灵特优生 动态漫,2025/5/23
灵笼 第二季,2025/5/23
原来我早就无敌了 第三季 动态漫,2025/5/22
我的弟子遍布诸天万界 第二季 动态漫,2025/5/17
U探泰拉 中配版,2025/5/16
U探泰拉,2025/5/16
大侠请上功,2025/5/13
反派师尊的我带着徒弟们天下无敌 动态漫,2025/5/8
目标一亿积分 动态漫,2025/5/8
虫小绿历史为什么之穿越篇,2025/5/1
鲲吞天下之掌门归来,2025/5/1
盟卡车神之龙兽觉醒 第二季,2025/4/24
念无双,2025/4/8
凸变英雄X 日语版,2025/4/6
凸变英雄X,2025/4/6
我的师兄太强了,2025/4/1
虹猫蓝兔海底历险记 英文版,2025/3/28
虹猫蓝兔七侠传 英文版,2025/3/28
海尔兄弟高清重制版,2025/3/24
凹凸世界·Reborn,2025/3/14
冰封末日：绝无生还之路 动态漫,2025/2/27
真理面具 动态漫 重制版,2025/2/26
反派初始化 动态漫,2025/2/26
长歌行,2025/2/23
木木博士之千问千答人体篇（中）,2025/2/20
猪多多之趣味小课堂 第5季,2025/2/20
君子无疾,2025/2/12
那年那兔那些事儿 第七季,2025/2/11
三国演义,2025/1/29
小鲤鱼历险记,2025/1/24
蛮荒仙界,2025/1/23
美猴王,2025/1/22
哪吒传奇,2025/1/20
火凤燎原 第二季,2025/1/16
天命大主宰,2025/1/15
赛几传说,2025/1/10
请吃红小豆吧！食物世界 第一季,2025/1/10
不白吃话山海经 第二季,2025/1/8
少年歌行 血染天启篇,2025/1/8
聪明的阿凡提,2024/12/1
东方探秘谷之千年寓言府,2024/12/1
知宝学堂之成语故事 第4季,2024/12/1
知宝学堂之成语故事 第3季,2024/12/1
知宝学堂之成语故事 第2季,2024/12/1
知宝学堂之成语故事 第1季,2024/12/1
智慧村的故事 第二季,2024/12/1
是王者啊？长安篇,2024/12/1
宝宝乐学堂之启蒙大世界,2024/12/1
宝宝乐学堂之智慧大挑战,2024/12/1
猪多多之趣味小课堂 第2季,2024/12/1
猪多多之彩虹画堂 第2季,2024/12/1
可可小爱快乐学知识,2024/12/1
小蜜蜂 第3季,2024/12/1
小蜜蜂,2024/12/1
欢乐小狮子,2024/12/1
开心动物园 第1季,2024/12/1
大侦探熊猫猪,2024/12/1
开心动物园 第2季,2024/12/1
开心动物园 第3季,2024/12/1
乐比悠悠之天天向上,2024/12/1
奇特益智工程车 第2季,2024/12/1
奇特益智工程车 第1季,2024/12/1
小神有戏2,2024/12/1
小神有戏 第1季,2024/12/1
喷喷象小百科之交通篇,2024/12/1
中华名人小课堂孔子篇,2024/12/1
中华名人小课堂庄子篇,2024/12/1
中华名人小课堂老子篇,2024/12/1
多多趣味识字课堂 第1季,2024/12/1
彩虹森林的故事 第3季,2024/12/1
中华上下五千年之传统节日篇,2024/12/1
趣说中华名人故事 第1季,2024/12/1
菠萝王国,2024/12/1
宝宝乐学堂之欢乐大拼盘,2024/12/1
中华诗歌故事唐宋篇,2024/12/1
数学魔法 第2季,2024/12/1
棒波免的海洋之旅,2024/12/1
荒岛历险记之罗克和编程猫,2024/12/1
纳尤古传奇,2024/12/1
土波兔之酷酷智能,2024/12/1
土波兔之暖暖家风,2024/12/1
丫丫的日常百科 第3季,2024/12/1
猪多多之彩虹画堂 第3季,2024/12/1
嘀嗒传奇 第2季,2024/12/1
纸朋友 第2季,2024/12/1
纸朋友 第3季,2024/12/1
纸朋友 第1季,2024/12/1
2024-2025 bilibili国创动画作品发布会,2024/12/1
冒险小王子 第2季,2024/12/1
托宝战士之银河侦探 第2季,2024/12/1
托宝战士之银河侦探 第1季,2024/12/1
奇趣特工队 第2季,2024/12/1
托宝战士之银河侦探 第3季,2024/12/1
灵草小战士 第1季,2024/12/1
龙宝小英雄 第2季,2024/12/1
托宝战士之银河侦探 第5季,2024/12/1
托宝战士之银河侦探 第4季,2024/12/1
闪亮闪亮太伶美 第2季,2024/12/1
闪亮闪亮太伶美 第1季,2024/12/1
魔方战士 第1季,2024/12/1
新大头儿子和小头爸爸传奇兜兜,2024/12/1
棉花糖和云朵妈妈超级小米花,2024/12/1
23号牛乃唐 第2季,2024/12/1
青田小田鱼 第2季,2024/12/1
我是发明家 第2季,2024/12/1
我是发明家 第1季,2024/12/1
大运河奇缘3,2024/12/1
嘟嘟小分队,2024/12/1
魔法可可,2024/12/1
转战之超旋斗士,2024/12/1
山海宝贝 第2季,2024/12/1
山海宝贝,2024/12/1
半蛋龙,2024/12/1
星原小宝之奇妙探索,2024/12/1
大宝大牙科学探索,2024/12/1
绿野森林的故事,2024/12/1
豆豆一家人,2024/12/1
超元绝战之传说卡,2024/12/1
功夫萌娃 第1季,2024/12/1
土波兔 第6季,2024/12/1
土波兔 第5季,2024/12/1
始祖的足迹,2024/12/1
中华优秀传统文化系列动画片 第2季,2024/12/1
中华优秀传统文化系列动画片之中医药的故事,2024/12/1
童心向阳,2024/12/1
凿壁偷光-匡衡的传说,2024/12/1
孔子见老子,2024/12/1
孔子归来,2024/12/1
论语智慧,2024/12/1
飞天狐和卡卡,2024/12/1
橡树餐厅之食神秘籍,2024/12/1
汽车星球 第2季,2024/12/1
恐龙时代 第三季,2024/12/1
乐园市的快乐日常,2024/12/1
小鸡丫丫动起来 第2季,2024/12/1
光影天炎战甲,2024/12/1
百变校巴15火星大冒险,2024/12/1
百变校巴14,2024/12/1
百变校巴13,2024/12/1
罗米熊与丹米兔,2024/12/1
跳跳鱼世界,2024/12/1
小刺猬吉吉 第6季,2024/12/1
小刺猬吉吉 第5季,2024/12/1
小刺猬吉吉 第4季,2024/12/1
工程车救援行动队 第3季,2024/12/1
工程车救援行动队 第2季,2024/12/1
工程车救援行动队 第1季,2024/12/1
小小的世界,2024/12/1
23号牛乃唐 第1季,2024/12/1
鹿宝贝朗迪,2024/12/1
快乐熊兜兜之奇妙世界,2024/12/1
青田小田鱼 第1季,2024/12/1
我是发明家 第3季,2024/12/1
小鸡丫丫动起来 第1季,2024/12/1
中华诗歌故事之明清篇,2024/12/1
怪兽家族,2024/12/1
阿U学英语,2024/12/1
乌龙院之活宝传奇 第8季,2024/12/1
乌龙院之活宝传奇 第7季,2024/12/1
乐儿智慧乐园 幼儿启蒙,2024/12/1
乌龙院之活宝传奇 第6季,2024/12/1
乐儿智慧乐园 世界各国,2024/12/1
猪猪侠恐龙爆笑研究所,2024/12/1
猪猪侠爆笑科普乐园,2024/12/1
乌龙院之活宝传奇 第5季,2024/12/1
乌龙院之活宝传奇 第4季,2024/12/1
百变校巴成语故事,2024/12/1
核晶少年 第4季,2024/12/1
乌龙院之活宝传奇 第3季,2024/12/1
核晶少年 第3季,2024/12/1
核晶少年 第2季,2024/12/1
核晶少年 第1季,2024/12/1
疯狂小糖 第五季,2024/12/1
疯狂小糖 第四季,2024/12/1
你好！卟卟6,2024/12/1
你好！卟卟5,2024/12/1
百变校巴成长绘本,2024/12/1
百变校巴英文儿歌 第2季,2024/12/1
百变校巴英文儿歌 第1季,2024/12/1
猪猪侠之恐龙日记 第8季,2024/12/1
奇特工程车 第2季,2024/12/1
奇特工程车 第1季,2024/12/1
漫赏秦腔 第1季,2024/12/1
爸爸妈妈小时候的故事,2024/12/1
天外福星,2024/12/1
飞越五千年 第2季,2024/12/1
晓晓成长日记 第二季,2024/12/1
奇奇妙妙博物馆,2024/12/1
彭祖传奇之少年奇缘,2024/12/1
水果三国,2024/12/1
杰米熊之神话图卷,2024/12/1
漫赏秦腔 第2季,2024/12/1
百变布鲁可8超变先锋救援,2024/12/1
车宝乐园之变形工程车,2024/12/1
汽车世界城市大冒险 第1季,2024/12/1
尼尼和她的好朋友 第2季,2024/12/1
公众应急知识,2024/12/1
恐龙时代 第二季,2024/12/1
鸭丫俱乐部 第2季,2024/12/1
猪猪侠之恐龙日记 第7季,2024/12/1
猪猪侠之恐龙日记 第2季,2024/12/1
猪猪侠之恐龙日记 第1季,2024/12/1
猪猪侠之环球日记,2024/12/1
猪猪侠之拼装特工队,2024/12/1
猪猪侠之深海小英雄4,2024/12/1
猪猪侠之深海小英雄3,2024/12/1
猪猪侠之深海小英雄2,2024/12/1
猪猪侠之深海小英雄1,2024/12/1
百变校巴16火星大冒险,2024/12/1
彩虹森林的故事 第2季,2024/12/1
猪多多之十万个为什么 第1季,2024/12/1
丫丫的日常百科 第4季,2024/12/1
中华廉政故事 第1季,2024/12/1
淘气猪多多之我爱画画 第四季,2024/12/1
火火兔学古诗,2024/12/1
快乐熊猫一家人 第1季,2024/12/1
蔬菜不寂寞 第44季,2024/12/1
中医药里的故事 第1季,2024/12/1
一千零一夜之拯救黄金城,2024/12/1
小猫威力之亲子时光,2024/12/1
小猫威力之快乐的小伙伴,2024/12/1
神奇小队之我爱画画 第3季,2024/12/1
神奇小队之我爱画画 第2季,2024/12/1
神奇小队之我爱画画,2024/12/1
神奇画笔看世界,2024/12/1
蔬菜不寂寞 第45季,2024/12/1
霸王龙雷奇 第二季,2024/12/1
小豆的微观世界,2024/12/1
儿童小百科,2024/12/1
探索生活小百科,2024/12/1
木头岛的故事,2024/12/1
成语诗词荟萃,2024/12/1
反诈小分队,2024/12/1
小羊哈哈童年日记之礼仪篇,2024/12/1
桃花夫人,2024/12/1
蔬菜不寂寞 第46季,2024/12/1
快乐小郑星 第2季,2024/12/1
蔬菜不寂寞 第43季,2024/12/1
时光代理人 英都篇,2024/12/1
雪王之奇幻沙州,2024/12/1
胶囊计划 英雄,2024/12/1
全职高手荣耀小剧场,2024/12/1
镇魂街 第四季,2024/11/1
恰同学少年,2024/11/1
暂停！智序重组,2024/11/1
元气奇事2,2024/11/1
紫川 第二季,2025年7月30日
开局地摊卖大力,2025年7月29日
在下“英台”,2025年7月27日
喜羊羊与灰太狼之异国破晓,2025年7月26日
是王者啊？第五季,2025年7月24日
精灵梦叶罗丽 第十一季,2025年7月24日
双生武魂,2025年7月23日
非人哉 第三季,2025年7月22日
如果历史是一群喵 元末明初篇,2025年7月20日
罗小黑战记2,2025年7月18日
苍兰诀 第二季,2025年7月18日
是假千金也要手握团宠剧本,2025年7月18日
龙族Ⅱ 悼亡者之瞳,2025年7月18日
通灵妃 第二季,2025年7月17日
妖神记 第九季,2025年7月17日
斗罗大陆剧场版 剑道尘心,2025年7月12日
聊斋：兰若寺,2025年7月12日
缔灵爱之默水玲珑,2025年7月11日
我为刀宗,2025年7月10日
赵琳的探险日记2,2025年7月9日
新·异常生物见闻录：序,2025年7月9日
云深不知梦,2025年7月5日
喜羊羊与灰太狼之狂野新宇宙,2025年7月4日
葫芦兄妹,2025年7月4日
夜光溯明,2025年7月3日
凌天独尊,2025年7月2日
《崩坏：星穹铁道》动画短片：「听！狂欢在那神佑的山巅」,2025年7月2日
【无职转生同人动画】血契之约,2025年7月1日
鬼吹灯之南海归墟,2025年8月23日
后羿之箭神,2025/8/19
武碎星河,2025年8月17日
非人哉：限时玩家,2025年8月16日
玲珑骰,2025年8月8日
神墓 年番,2025年8月8日
百妖谱·洛阳篇,2025年8月8日
缥缈剑仙传,2025年8月6日
万剑王座,2025年8月4日
斗破苍穹 年番4,2025年8月3日
浪浪山小妖怪,2025年8月2日
信息素说我们不可能 动态漫,2025/8/2
猫和老鼠：星盘奇缘,2025年8月2日
向着星辰的长征,2025年8月1日
